id,code,level,province,city,area,parent_id
4,110101,4,北京市,北京市,东城区,3
5,110102,4,北京市,北京市,西城区,3
6,110105,4,北京市,北京市,朝阳区,3
7,110106,4,北京市,北京市,丰台区,3
8,110107,4,北京市,北京市,石景山区,3
9,110108,4,北京市,北京市,海淀区,3
10,110109,4,北京市,北京市,门头沟区,3
11,110111,4,北京市,北京市,房山区,3
12,110112,4,北京市,北京市,通州区,3
13,110113,4,北京市,北京市,顺义区,3
14,110114,4,北京市,北京市,昌平区,3
15,110115,4,北京市,北京市,大兴区,3
16,110116,4,北京市,北京市,怀柔区,3
17,110117,4,北京市,北京市,平谷区,3
18,110118,4,北京市,北京市,密云区,3
19,110119,4,北京市,北京市,延庆区,3
22,120101,4,天津市,天津市,和平区,21
23,120102,4,天津市,天津市,河东区,21
24,120103,4,天津市,天津市,河西区,21
25,120104,4,天津市,天津市,南开区,21
26,120105,4,天津市,天津市,河北区,21
27,120106,4,天津市,天津市,红桥区,21
28,120110,4,天津市,天津市,东丽区,21
29,120111,4,天津市,天津市,西青区,21
30,120112,4,天津市,天津市,津南区,21
31,120113,4,天津市,天津市,北辰区,21
32,120114,4,天津市,天津市,武清区,21
33,120115,4,天津市,天津市,宝坻区,21
34,120116,4,天津市,天津市,滨海新区,21
35,120117,4,天津市,天津市,宁河区,21
36,120118,4,天津市,天津市,静海区,21
37,120119,4,天津市,天津市,蓟州区,21
40,130101,4,河北省,石家庄市,市辖区,39
41,130102,4,河北省,石家庄市,长安区,39
42,130104,4,河北省,石家庄市,桥西区,39
43,130105,4,河北省,石家庄市,新华区,39
44,130107,4,河北省,石家庄市,井陉矿区,39
45,130108,4,河北省,石家庄市,裕华区,39
46,130109,4,河北省,石家庄市,藁城区,39
47,130110,4,河北省,石家庄市,鹿泉区,39
48,130111,4,河北省,石家庄市,栾城区,39
49,130121,4,河北省,石家庄市,井陉县,39
50,130123,4,河北省,石家庄市,正定县,39
51,130125,4,河北省,石家庄市,行唐县,39
52,130126,4,河北省,石家庄市,灵寿县,39
53,130127,4,河北省,石家庄市,高邑县,39
54,130128,4,河北省,石家庄市,深泽县,39
55,130129,4,河北省,石家庄市,赞皇县,39
56,130130,4,河北省,石家庄市,无极县,39
57,130131,4,河北省,石家庄市,平山县,39
58,130132,4,河北省,石家庄市,元氏县,39
59,130133,4,河北省,石家庄市,赵县,39
60,130181,4,河北省,石家庄市,辛集市,39
61,130183,4,河北省,石家庄市,晋州市,39
62,130184,4,河北省,石家庄市,新乐市,39
64,130201,4,河北省,唐山市,市辖区,63
65,130202,4,河北省,唐山市,路南区,63
66,130203,4,河北省,唐山市,路北区,63
67,130204,4,河北省,唐山市,古冶区,63
68,130205,4,河北省,唐山市,开平区,63
69,130207,4,河北省,唐山市,丰南区,63
70,130208,4,河北省,唐山市,丰润区,63
71,130209,4,河北省,唐山市,曹妃甸区,63
72,130224,4,河北省,唐山市,滦南县,63
73,130225,4,河北省,唐山市,乐亭县,63
74,130227,4,河北省,唐山市,迁西县,63
75,130229,4,河北省,唐山市,玉田县,63
76,130281,4,河北省,唐山市,遵化市,63
77,130283,4,河北省,唐山市,迁安市,63
78,130284,4,河北省,唐山市,滦州市,63
80,130301,4,河北省,秦皇岛市,市辖区,79
81,130302,4,河北省,秦皇岛市,海港区,79
82,130303,4,河北省,秦皇岛市,山海关区,79
83,130304,4,河北省,秦皇岛市,北戴河区,79
84,130306,4,河北省,秦皇岛市,抚宁区,79
85,130321,4,河北省,秦皇岛市,青龙满族自治县,79
86,130322,4,河北省,秦皇岛市,昌黎县,79
87,130324,4,河北省,秦皇岛市,卢龙县,79
89,130401,4,河北省,邯郸市,市辖区,88
90,130402,4,河北省,邯郸市,邯山区,88
91,130403,4,河北省,邯郸市,丛台区,88
92,130404,4,河北省,邯郸市,复兴区,88
93,130406,4,河北省,邯郸市,峰峰矿区,88
94,130407,4,河北省,邯郸市,肥乡区,88
95,130408,4,河北省,邯郸市,永年区,88
96,130423,4,河北省,邯郸市,临漳县,88
97,130424,4,河北省,邯郸市,成安县,88
98,130425,4,河北省,邯郸市,大名县,88
99,130426,4,河北省,邯郸市,涉县,88
100,130427,4,河北省,邯郸市,磁县,88
101,130430,4,河北省,邯郸市,邱县,88
102,130431,4,河北省,邯郸市,鸡泽县,88
103,130432,4,河北省,邯郸市,广平县,88
104,130433,4,河北省,邯郸市,馆陶县,88
105,130434,4,河北省,邯郸市,魏县,88
106,130435,4,河北省,邯郸市,曲周县,88
107,130481,4,河北省,邯郸市,武安市,88
109,130501,4,河北省,邢台市,市辖区,108
110,130502,4,河北省,邢台市,桥东区,108
111,130503,4,河北省,邢台市,桥西区,108
112,130521,4,河北省,邢台市,邢台县,108
113,130522,4,河北省,邢台市,临城县,108
114,130523,4,河北省,邢台市,内丘县,108
115,130524,4,河北省,邢台市,柏乡县,108
116,130525,4,河北省,邢台市,隆尧县,108
117,130526,4,河北省,邢台市,任县,108
118,130527,4,河北省,邢台市,南和县,108
119,130528,4,河北省,邢台市,宁晋县,108
120,130529,4,河北省,邢台市,巨鹿县,108
121,130530,4,河北省,邢台市,新河县,108
122,130531,4,河北省,邢台市,广宗县,108
123,130532,4,河北省,邢台市,平乡县,108
124,130533,4,河北省,邢台市,威县,108
125,130534,4,河北省,邢台市,清河县,108
126,130535,4,河北省,邢台市,临西县,108
127,130581,4,河北省,邢台市,南宫市,108
128,130582,4,河北省,邢台市,沙河市,108
130,130601,4,河北省,保定市,市辖区,129
131,130602,4,河北省,保定市,竞秀区,129
132,130606,4,河北省,保定市,莲池区,129
133,130607,4,河北省,保定市,满城区,129
134,130608,4,河北省,保定市,清苑区,129
135,130609,4,河北省,保定市,徐水区,129
136,130623,4,河北省,保定市,涞水县,129
137,130624,4,河北省,保定市,阜平县,129
138,130626,4,河北省,保定市,定兴县,129
139,130627,4,河北省,保定市,唐县,129
140,130628,4,河北省,保定市,高阳县,129
141,130629,4,河北省,保定市,容城县,129
142,130630,4,河北省,保定市,涞源县,129
143,130631,4,河北省,保定市,望都县,129
144,130632,4,河北省,保定市,安新县,129
145,130633,4,河北省,保定市,易县,129
146,130634,4,河北省,保定市,曲阳县,129
147,130635,4,河北省,保定市,蠡县,129
148,130636,4,河北省,保定市,顺平县,129
149,130637,4,河北省,保定市,博野县,129
150,130638,4,河北省,保定市,雄县,129
151,130681,4,河北省,保定市,涿州市,129
152,130682,4,河北省,保定市,定州市,129
153,130683,4,河北省,保定市,安国市,129
154,130684,4,河北省,保定市,高碑店市,129
156,130701,4,河北省,张家口市,市辖区,155
157,130702,4,河北省,张家口市,桥东区,155
158,130703,4,河北省,张家口市,桥西区,155
159,130705,4,河北省,张家口市,宣化区,155
160,130706,4,河北省,张家口市,下花园区,155
161,130708,4,河北省,张家口市,万全区,155
162,130709,4,河北省,张家口市,崇礼区,155
163,130722,4,河北省,张家口市,张北县,155
164,130723,4,河北省,张家口市,康保县,155
165,130724,4,河北省,张家口市,沽源县,155
166,130725,4,河北省,张家口市,尚义县,155
167,130726,4,河北省,张家口市,蔚县,155
168,130727,4,河北省,张家口市,阳原县,155
169,130728,4,河北省,张家口市,怀安县,155
170,130730,4,河北省,张家口市,怀来县,155
171,130731,4,河北省,张家口市,涿鹿县,155
172,130732,4,河北省,张家口市,赤城县,155
174,130801,4,河北省,承德市,市辖区,173
175,130802,4,河北省,承德市,双桥区,173
176,130803,4,河北省,承德市,双滦区,173
177,130804,4,河北省,承德市,鹰手营子矿区,173
178,130821,4,河北省,承德市,承德县,173
179,130822,4,河北省,承德市,兴隆县,173
180,130824,4,河北省,承德市,滦平县,173
181,130825,4,河北省,承德市,隆化县,173
182,130826,4,河北省,承德市,丰宁满族自治县,173
183,130827,4,河北省,承德市,宽城满族自治县,173
184,130828,4,河北省,承德市,围场满族蒙古族自治县,173
185,130881,4,河北省,承德市,平泉市,173
187,130901,4,河北省,沧州市,市辖区,186
188,130902,4,河北省,沧州市,新华区,186
189,130903,4,河北省,沧州市,运河区,186
190,130921,4,河北省,沧州市,沧县,186
191,130922,4,河北省,沧州市,青县,186
192,130923,4,河北省,沧州市,东光县,186
193,130924,4,河北省,沧州市,海兴县,186
194,130925,4,河北省,沧州市,盐山县,186
195,130926,4,河北省,沧州市,肃宁县,186
196,130927,4,河北省,沧州市,南皮县,186
197,130928,4,河北省,沧州市,吴桥县,186
198,130929,4,河北省,沧州市,献县,186
199,130930,4,河北省,沧州市,孟村回族自治县,186
200,130981,4,河北省,沧州市,泊头市,186
201,130982,4,河北省,沧州市,任丘市,186
202,130983,4,河北省,沧州市,黄骅市,186
203,130984,4,河北省,沧州市,河间市,186
205,131001,4,河北省,廊坊市,市辖区,204
206,131002,4,河北省,廊坊市,安次区,204
207,131003,4,河北省,廊坊市,广阳区,204
208,131022,4,河北省,廊坊市,固安县,204
209,131023,4,河北省,廊坊市,永清县,204
210,131024,4,河北省,廊坊市,香河县,204
211,131025,4,河北省,廊坊市,大城县,204
212,131026,4,河北省,廊坊市,文安县,204
213,131028,4,河北省,廊坊市,大厂回族自治县,204
214,131081,4,河北省,廊坊市,霸州市,204
215,131082,4,河北省,廊坊市,三河市,204
217,131101,4,河北省,衡水市,市辖区,216
218,131102,4,河北省,衡水市,桃城区,216
219,131103,4,河北省,衡水市,冀州区,216
220,131121,4,河北省,衡水市,枣强县,216
221,131122,4,河北省,衡水市,武邑县,216
222,131123,4,河北省,衡水市,武强县,216
223,131124,4,河北省,衡水市,饶阳县,216
224,131125,4,河北省,衡水市,安平县,216
225,131126,4,河北省,衡水市,故城县,216
226,131127,4,河北省,衡水市,景县,216
227,131128,4,河北省,衡水市,阜城县,216
228,131182,4,河北省,衡水市,深州市,216
231,140101,4,山西省,太原市,市辖区,230
232,140105,4,山西省,太原市,小店区,230
233,140106,4,山西省,太原市,迎泽区,230
234,140107,4,山西省,太原市,杏花岭区,230
235,140108,4,山西省,太原市,尖草坪区,230
236,140109,4,山西省,太原市,万柏林区,230
237,140110,4,山西省,太原市,晋源区,230
238,140121,4,山西省,太原市,清徐县,230
239,140122,4,山西省,太原市,阳曲县,230
240,140123,4,山西省,太原市,娄烦县,230
241,140181,4,山西省,太原市,古交市,230
243,140201,4,山西省,大同市,市辖区,242
244,140212,4,山西省,大同市,新荣区,242
245,140213,4,山西省,大同市,平城区,242
246,140214,4,山西省,大同市,云冈区,242
247,140215,4,山西省,大同市,云州区,242
248,140221,4,山西省,大同市,阳高县,242
249,140222,4,山西省,大同市,天镇县,242
250,140223,4,山西省,大同市,广灵县,242
251,140224,4,山西省,大同市,灵丘县,242
252,140225,4,山西省,大同市,浑源县,242
253,140226,4,山西省,大同市,左云县,242
255,140301,4,山西省,阳泉市,市辖区,254
256,140302,4,山西省,阳泉市,城区,254
257,140303,4,山西省,阳泉市,矿区,254
258,140311,4,山西省,阳泉市,郊区,254
259,140321,4,山西省,阳泉市,平定县,254
260,140322,4,山西省,阳泉市,盂县,254
262,140401,4,山西省,长治市,市辖区,261
263,140403,4,山西省,长治市,潞州区,261
264,140404,4,山西省,长治市,上党区,261
265,140405,4,山西省,长治市,屯留区,261
266,140406,4,山西省,长治市,潞城区,261
267,140423,4,山西省,长治市,襄垣县,261
268,140425,4,山西省,长治市,平顺县,261
269,140426,4,山西省,长治市,黎城县,261
270,140427,4,山西省,长治市,壶关县,261
271,140428,4,山西省,长治市,长子县,261
272,140429,4,山西省,长治市,武乡县,261
273,140430,4,山西省,长治市,沁县,261
274,140431,4,山西省,长治市,沁源县,261
276,140501,4,山西省,晋城市,市辖区,275
277,140502,4,山西省,晋城市,城区,275
278,140521,4,山西省,晋城市,沁水县,275
279,140522,4,山西省,晋城市,阳城县,275
280,140524,4,山西省,晋城市,陵川县,275
281,140525,4,山西省,晋城市,泽州县,275
282,140581,4,山西省,晋城市,高平市,275
284,140601,4,山西省,朔州市,市辖区,283
285,140602,4,山西省,朔州市,朔城区,283
286,140603,4,山西省,朔州市,平鲁区,283
287,140621,4,山西省,朔州市,山阴县,283
288,140622,4,山西省,朔州市,应县,283
289,140623,4,山西省,朔州市,右玉县,283
290,140681,4,山西省,朔州市,怀仁市,283
292,140701,4,山西省,晋中市,市辖区,291
293,140702,4,山西省,晋中市,榆次区,291
294,140703,4,山西省,晋中市,太谷区,291
295,140721,4,山西省,晋中市,榆社县,291
296,140722,4,山西省,晋中市,左权县,291
297,140723,4,山西省,晋中市,和顺县,291
298,140724,4,山西省,晋中市,昔阳县,291
299,140725,4,山西省,晋中市,寿阳县,291
300,140727,4,山西省,晋中市,祁县,291
301,140728,4,山西省,晋中市,平遥县,291
302,140729,4,山西省,晋中市,灵石县,291
303,140781,4,山西省,晋中市,介休市,291
305,140801,4,山西省,运城市,市辖区,304
306,140802,4,山西省,运城市,盐湖区,304
307,140821,4,山西省,运城市,临猗县,304
308,140822,4,山西省,运城市,万荣县,304
309,140823,4,山西省,运城市,闻喜县,304
310,140824,4,山西省,运城市,稷山县,304
311,140825,4,山西省,运城市,新绛县,304
312,140826,4,山西省,运城市,绛县,304
313,140827,4,山西省,运城市,垣曲县,304
314,140828,4,山西省,运城市,夏县,304
315,140829,4,山西省,运城市,平陆县,304
316,140830,4,山西省,运城市,芮城县,304
317,140881,4,山西省,运城市,永济市,304
318,140882,4,山西省,运城市,河津市,304
320,140901,4,山西省,忻州市,市辖区,319
321,140902,4,山西省,忻州市,忻府区,319
322,140921,4,山西省,忻州市,定襄县,319
323,140922,4,山西省,忻州市,五台县,319
324,140923,4,山西省,忻州市,代县,319
325,140924,4,山西省,忻州市,繁峙县,319
326,140925,4,山西省,忻州市,宁武县,319
327,140926,4,山西省,忻州市,静乐县,319
328,140927,4,山西省,忻州市,神池县,319
329,140928,4,山西省,忻州市,五寨县,319
330,140929,4,山西省,忻州市,岢岚县,319
331,140930,4,山西省,忻州市,河曲县,319
332,140931,4,山西省,忻州市,保德县,319
333,140932,4,山西省,忻州市,偏关县,319
334,140981,4,山西省,忻州市,原平市,319
336,141001,4,山西省,临汾市,市辖区,335
337,141002,4,山西省,临汾市,尧都区,335
338,141021,4,山西省,临汾市,曲沃县,335
339,141022,4,山西省,临汾市,翼城县,335
340,141023,4,山西省,临汾市,襄汾县,335
341,141024,4,山西省,临汾市,洪洞县,335
342,141025,4,山西省,临汾市,古县,335
343,141026,4,山西省,临汾市,安泽县,335
344,141027,4,山西省,临汾市,浮山县,335
345,141028,4,山西省,临汾市,吉县,335
346,141029,4,山西省,临汾市,乡宁县,335
347,141030,4,山西省,临汾市,大宁县,335
348,141031,4,山西省,临汾市,隰县,335
349,141032,4,山西省,临汾市,永和县,335
350,141033,4,山西省,临汾市,蒲县,335
351,141034,4,山西省,临汾市,汾西县,335
352,141081,4,山西省,临汾市,侯马市,335
353,141082,4,山西省,临汾市,霍州市,335
355,141101,4,山西省,吕梁市,市辖区,354
356,141102,4,山西省,吕梁市,离石区,354
357,141121,4,山西省,吕梁市,文水县,354
358,141122,4,山西省,吕梁市,交城县,354
359,141123,4,山西省,吕梁市,兴县,354
360,141124,4,山西省,吕梁市,临县,354
361,141125,4,山西省,吕梁市,柳林县,354
362,141126,4,山西省,吕梁市,石楼县,354
363,141127,4,山西省,吕梁市,岚县,354
364,141128,4,山西省,吕梁市,方山县,354
365,141129,4,山西省,吕梁市,中阳县,354
366,141130,4,山西省,吕梁市,交口县,354
367,141181,4,山西省,吕梁市,孝义市,354
368,141182,4,山西省,吕梁市,汾阳市,354
371,150101,4,内蒙古自治区,呼和浩特市,市辖区,370
372,150102,4,内蒙古自治区,呼和浩特市,新城区,370
373,150103,4,内蒙古自治区,呼和浩特市,回民区,370
374,150104,4,内蒙古自治区,呼和浩特市,玉泉区,370
375,150105,4,内蒙古自治区,呼和浩特市,赛罕区,370
376,150121,4,内蒙古自治区,呼和浩特市,土默特左旗,370
377,150122,4,内蒙古自治区,呼和浩特市,托克托县,370
378,150123,4,内蒙古自治区,呼和浩特市,和林格尔县,370
379,150124,4,内蒙古自治区,呼和浩特市,清水河县,370
380,150125,4,内蒙古自治区,呼和浩特市,武川县,370
382,150201,4,内蒙古自治区,包头市,市辖区,381
384,150202,4,内蒙古自治区,包头市,东河区,381
386,150203,4,内蒙古自治区,包头市,昆都仑区,381
388,150204,4,内蒙古自治区,包头市,青山区,381
390,150205,4,内蒙古自治区,包头市,石拐区,381
392,150206,4,内蒙古自治区,包头市,白云鄂博矿区,381
394,150207,4,内蒙古自治区,包头市,九原区,381
396,150221,4,内蒙古自治区,包头市,土默特右旗,381
398,150222,4,内蒙古自治区,包头市,固阳县,381
400,150223,4,内蒙古自治区,包头市,达尔罕茂明安联合旗,381
401,150271,4,内蒙古自治区,包头市,包头稀土高新技术产业开发区,381
403,150301,4,内蒙古自治区,乌海市,市辖区,402
404,150302,4,内蒙古自治区,乌海市,海勃湾区,402
405,150303,4,内蒙古自治区,乌海市,海南区,402
406,150304,4,内蒙古自治区,乌海市,乌达区,402
408,150401,4,内蒙古自治区,赤峰市,市辖区,407
409,150402,4,内蒙古自治区,赤峰市,红山区,407
410,150403,4,内蒙古自治区,赤峰市,元宝山区,407
411,150404,4,内蒙古自治区,赤峰市,松山区,407
412,150421,4,内蒙古自治区,赤峰市,阿鲁科尔沁旗,407
413,150422,4,内蒙古自治区,赤峰市,巴林左旗,407
414,150423,4,内蒙古自治区,赤峰市,巴林右旗,407
415,150424,4,内蒙古自治区,赤峰市,林西县,407
416,150425,4,内蒙古自治区,赤峰市,克什克腾旗,407
417,150426,4,内蒙古自治区,赤峰市,翁牛特旗,407
418,150428,4,内蒙古自治区,赤峰市,喀喇沁旗,407
419,150429,4,内蒙古自治区,赤峰市,宁城县,407
420,150430,4,内蒙古自治区,赤峰市,敖汉旗,407
422,150501,4,内蒙古自治区,通辽市,市辖区,421
423,150502,4,内蒙古自治区,通辽市,科尔沁区,421
424,150521,4,内蒙古自治区,通辽市,科尔沁左翼中旗,421
425,150522,4,内蒙古自治区,通辽市,科尔沁左翼后旗,421
426,150523,4,内蒙古自治区,通辽市,开鲁县,421
427,150524,4,内蒙古自治区,通辽市,库伦旗,421
428,150525,4,内蒙古自治区,通辽市,奈曼旗,421
429,150526,4,内蒙古自治区,通辽市,扎鲁特旗,421
430,150581,4,内蒙古自治区,通辽市,霍林郭勒市,421
432,150601,4,内蒙古自治区,鄂尔多斯市,市辖区,431
433,150602,4,内蒙古自治区,鄂尔多斯市,东胜区,431
434,150603,4,内蒙古自治区,鄂尔多斯市,康巴什区,431
435,150621,4,内蒙古自治区,鄂尔多斯市,达拉特旗,431
436,150622,4,内蒙古自治区,鄂尔多斯市,准格尔旗,431
437,150623,4,内蒙古自治区,鄂尔多斯市,鄂托克前旗,431
438,150624,4,内蒙古自治区,鄂尔多斯市,鄂托克旗,431
439,150625,4,内蒙古自治区,鄂尔多斯市,杭锦旗,431
440,150626,4,内蒙古自治区,鄂尔多斯市,乌审旗,431
441,150627,4,内蒙古自治区,鄂尔多斯市,伊金霍洛旗,431
443,150701,4,内蒙古自治区,呼伦贝尔市,市辖区,442
444,150702,4,内蒙古自治区,呼伦贝尔市,海拉尔区,442
445,150703,4,内蒙古自治区,呼伦贝尔市,扎赉诺尔区,442
446,150721,4,内蒙古自治区,呼伦贝尔市,阿荣旗,442
447,150722,4,内蒙古自治区,呼伦贝尔市,莫力达瓦达斡尔族自治旗,442
448,150723,4,内蒙古自治区,呼伦贝尔市,鄂伦春自治旗,442
449,150724,4,内蒙古自治区,呼伦贝尔市,鄂温克族自治旗,442
450,150725,4,内蒙古自治区,呼伦贝尔市,陈巴尔虎旗,442
451,150726,4,内蒙古自治区,呼伦贝尔市,新巴尔虎左旗,442
452,150727,4,内蒙古自治区,呼伦贝尔市,新巴尔虎右旗,442
453,150781,4,内蒙古自治区,呼伦贝尔市,满洲里市,442
454,150782,4,内蒙古自治区,呼伦贝尔市,牙克石市,442
455,150783,4,内蒙古自治区,呼伦贝尔市,扎兰屯市,442
456,150784,4,内蒙古自治区,呼伦贝尔市,额尔古纳市,442
457,150785,4,内蒙古自治区,呼伦贝尔市,根河市,442
459,150801,4,内蒙古自治区,巴彦淖尔市,市辖区,458
460,150802,4,内蒙古自治区,巴彦淖尔市,临河区,458
461,150821,4,内蒙古自治区,巴彦淖尔市,五原县,458
462,150822,4,内蒙古自治区,巴彦淖尔市,磴口县,458
463,150823,4,内蒙古自治区,巴彦淖尔市,乌拉特前旗,458
464,150824,4,内蒙古自治区,巴彦淖尔市,乌拉特中旗,458
465,150825,4,内蒙古自治区,巴彦淖尔市,乌拉特后旗,458
466,150826,4,内蒙古自治区,巴彦淖尔市,杭锦后旗,458
468,150901,4,内蒙古自治区,乌兰察布市,市辖区,467
469,150902,4,内蒙古自治区,乌兰察布市,集宁区,467
470,150921,4,内蒙古自治区,乌兰察布市,卓资县,467
471,150922,4,内蒙古自治区,乌兰察布市,化德县,467
472,150923,4,内蒙古自治区,乌兰察布市,商都县,467
473,150924,4,内蒙古自治区,乌兰察布市,兴和县,467
474,150925,4,内蒙古自治区,乌兰察布市,凉城县,467
475,150926,4,内蒙古自治区,乌兰察布市,察哈尔右翼前旗,467
476,150927,4,内蒙古自治区,乌兰察布市,察哈尔右翼中旗,467
477,150928,4,内蒙古自治区,乌兰察布市,察哈尔右翼后旗,467
478,150929,4,内蒙古自治区,乌兰察布市,四子王旗,467
479,150981,4,内蒙古自治区,乌兰察布市,丰镇市,467
481,152201,4,内蒙古自治区,兴安盟,乌兰浩特市,480
482,152202,4,内蒙古自治区,兴安盟,阿尔山市,480
483,152221,4,内蒙古自治区,兴安盟,科尔沁右翼前旗,480
484,152222,4,内蒙古自治区,兴安盟,科尔沁右翼中旗,480
485,152223,4,内蒙古自治区,兴安盟,扎赉特旗,480
486,152224,4,内蒙古自治区,兴安盟,突泉县,480
488,152501,4,内蒙古自治区,锡林郭勒盟,二连浩特市,487
489,152502,4,内蒙古自治区,锡林郭勒盟,锡林浩特市,487
490,152522,4,内蒙古自治区,锡林郭勒盟,阿巴嘎旗,487
491,152523,4,内蒙古自治区,锡林郭勒盟,苏尼特左旗,487
492,152524,4,内蒙古自治区,锡林郭勒盟,苏尼特右旗,487
493,152525,4,内蒙古自治区,锡林郭勒盟,东乌珠穆沁旗,487
494,152526,4,内蒙古自治区,锡林郭勒盟,西乌珠穆沁旗,487
495,152527,4,内蒙古自治区,锡林郭勒盟,太仆寺旗,487
496,152528,4,内蒙古自治区,锡林郭勒盟,镶黄旗,487
497,152529,4,内蒙古自治区,锡林郭勒盟,正镶白旗,487
498,152530,4,内蒙古自治区,锡林郭勒盟,正蓝旗,487
499,152531,4,内蒙古自治区,锡林郭勒盟,多伦县,487
501,152921,4,内蒙古自治区,阿拉善盟,阿拉善左旗,500
502,152922,4,内蒙古自治区,阿拉善盟,阿拉善右旗,500
503,152923,4,内蒙古自治区,阿拉善盟,额济纳旗,500
506,210101,4,辽宁省,沈阳市,市辖区,505
507,210102,4,辽宁省,沈阳市,和平区,505
508,210103,4,辽宁省,沈阳市,沈河区,505
509,210104,4,辽宁省,沈阳市,大东区,505
510,210105,4,辽宁省,沈阳市,皇姑区,505
511,210106,4,辽宁省,沈阳市,铁西区,505
512,210111,4,辽宁省,沈阳市,苏家屯区,505
513,210112,4,辽宁省,沈阳市,浑南区,505
514,210113,4,辽宁省,沈阳市,沈北新区,505
515,210114,4,辽宁省,沈阳市,于洪区,505
516,210115,4,辽宁省,沈阳市,辽中区,505
517,210123,4,辽宁省,沈阳市,康平县,505
518,210124,4,辽宁省,沈阳市,法库县,505
519,210181,4,辽宁省,沈阳市,新民市,505
521,210201,4,辽宁省,大连市,市辖区,520
522,210202,4,辽宁省,大连市,中山区,520
523,210203,4,辽宁省,大连市,西岗区,520
524,210204,4,辽宁省,大连市,沙河口区,520
525,210211,4,辽宁省,大连市,甘井子区,520
526,210212,4,辽宁省,大连市,旅顺口区,520
527,210213,4,辽宁省,大连市,金州区,520
528,210214,4,辽宁省,大连市,普兰店区,520
529,210224,4,辽宁省,大连市,长海县,520
530,210281,4,辽宁省,大连市,瓦房店市,520
531,210283,4,辽宁省,大连市,庄河市,520
533,210301,4,辽宁省,鞍山市,市辖区,532
534,210302,4,辽宁省,鞍山市,铁东区,532
535,210303,4,辽宁省,鞍山市,铁西区,532
536,210304,4,辽宁省,鞍山市,立山区,532
537,210311,4,辽宁省,鞍山市,千山区,532
538,210321,4,辽宁省,鞍山市,台安县,532
539,210323,4,辽宁省,鞍山市,岫岩满族自治县,532
540,210381,4,辽宁省,鞍山市,海城市,532
542,210401,4,辽宁省,抚顺市,市辖区,541
543,210402,4,辽宁省,抚顺市,新抚区,541
544,210403,4,辽宁省,抚顺市,东洲区,541
545,210404,4,辽宁省,抚顺市,望花区,541
546,210411,4,辽宁省,抚顺市,顺城区,541
547,210421,4,辽宁省,抚顺市,抚顺县,541
548,210422,4,辽宁省,抚顺市,新宾满族自治县,541
549,210423,4,辽宁省,抚顺市,清原满族自治县,541
551,210501,4,辽宁省,本溪市,市辖区,550
552,210502,4,辽宁省,本溪市,平山区,550
553,210503,4,辽宁省,本溪市,溪湖区,550
554,210504,4,辽宁省,本溪市,明山区,550
555,210505,4,辽宁省,本溪市,南芬区,550
556,210521,4,辽宁省,本溪市,本溪满族自治县,550
557,210522,4,辽宁省,本溪市,桓仁满族自治县,550
559,210601,4,辽宁省,丹东市,市辖区,558
560,210602,4,辽宁省,丹东市,元宝区,558
561,210603,4,辽宁省,丹东市,振兴区,558
562,210604,4,辽宁省,丹东市,振安区,558
563,210624,4,辽宁省,丹东市,宽甸满族自治县,558
564,210681,4,辽宁省,丹东市,东港市,558
565,210682,4,辽宁省,丹东市,凤城市,558
567,210701,4,辽宁省,锦州市,市辖区,566
568,210702,4,辽宁省,锦州市,古塔区,566
569,210703,4,辽宁省,锦州市,凌河区,566
570,210711,4,辽宁省,锦州市,太和区,566
571,210726,4,辽宁省,锦州市,黑山县,566
572,210727,4,辽宁省,锦州市,义县,566
573,210781,4,辽宁省,锦州市,凌海市,566
574,210782,4,辽宁省,锦州市,北镇市,566
576,210801,4,辽宁省,营口市,市辖区,575
577,210802,4,辽宁省,营口市,站前区,575
578,210803,4,辽宁省,营口市,西市区,575
579,210804,4,辽宁省,营口市,鲅鱼圈区,575
580,210811,4,辽宁省,营口市,老边区,575
581,210881,4,辽宁省,营口市,盖州市,575
582,210882,4,辽宁省,营口市,大石桥市,575
584,210901,4,辽宁省,阜新市,市辖区,583
585,210902,4,辽宁省,阜新市,海州区,583
586,210903,4,辽宁省,阜新市,新邱区,583
587,210904,4,辽宁省,阜新市,太平区,583
588,210905,4,辽宁省,阜新市,清河门区,583
589,210911,4,辽宁省,阜新市,细河区,583
590,210921,4,辽宁省,阜新市,阜新蒙古族自治县,583
591,210922,4,辽宁省,阜新市,彰武县,583
593,211001,4,辽宁省,辽阳市,市辖区,592
594,211002,4,辽宁省,辽阳市,白塔区,592
595,211003,4,辽宁省,辽阳市,文圣区,592
596,211004,4,辽宁省,辽阳市,宏伟区,592
597,211005,4,辽宁省,辽阳市,弓长岭区,592
598,211011,4,辽宁省,辽阳市,太子河区,592
599,211021,4,辽宁省,辽阳市,辽阳县,592
600,211081,4,辽宁省,辽阳市,灯塔市,592
602,211101,4,辽宁省,盘锦市,市辖区,601
603,211102,4,辽宁省,盘锦市,双台子区,601
604,211103,4,辽宁省,盘锦市,兴隆台区,601
605,211104,4,辽宁省,盘锦市,大洼区,601
606,211122,4,辽宁省,盘锦市,盘山县,601
608,211201,4,辽宁省,铁岭市,市辖区,607
609,211202,4,辽宁省,铁岭市,银州区,607
610,211204,4,辽宁省,铁岭市,清河区,607
611,211221,4,辽宁省,铁岭市,铁岭县,607
612,211223,4,辽宁省,铁岭市,西丰县,607
613,211224,4,辽宁省,铁岭市,昌图县,607
614,211281,4,辽宁省,铁岭市,调兵山市,607
615,211282,4,辽宁省,铁岭市,开原市,607
617,211301,4,辽宁省,朝阳市,市辖区,616
618,211302,4,辽宁省,朝阳市,双塔区,616
619,211303,4,辽宁省,朝阳市,龙城区,616
620,211321,4,辽宁省,朝阳市,朝阳县,616
621,211322,4,辽宁省,朝阳市,建平县,616
622,211324,4,辽宁省,朝阳市,喀喇沁左翼蒙古族自治县,616
623,211381,4,辽宁省,朝阳市,北票市,616
624,211382,4,辽宁省,朝阳市,凌源市,616
626,211401,4,辽宁省,葫芦岛市,市辖区,625
627,211402,4,辽宁省,葫芦岛市,连山区,625
628,211403,4,辽宁省,葫芦岛市,龙港区,625
629,211404,4,辽宁省,葫芦岛市,南票区,625
630,211421,4,辽宁省,葫芦岛市,绥中县,625
631,211422,4,辽宁省,葫芦岛市,建昌县,625
632,211481,4,辽宁省,葫芦岛市,兴城市,625
635,220101,4,吉林省,长春市,市辖区,634
636,220102,4,吉林省,长春市,南关区,634
637,220103,4,吉林省,长春市,宽城区,634
638,220104,4,吉林省,长春市,朝阳区,634
639,220105,4,吉林省,长春市,二道区,634
640,220106,4,吉林省,长春市,绿园区,634
641,220112,4,吉林省,长春市,双阳区,634
642,220113,4,吉林省,长春市,九台区,634
643,220122,4,吉林省,长春市,农安县,634
644,220182,4,吉林省,长春市,榆树市,634
645,220183,4,吉林省,长春市,德惠市,634
647,220201,4,吉林省,吉林市,市辖区,646
648,220202,4,吉林省,吉林市,昌邑区,646
649,220203,4,吉林省,吉林市,龙潭区,646
650,220204,4,吉林省,吉林市,船营区,646
651,220211,4,吉林省,吉林市,丰满区,646
652,220221,4,吉林省,吉林市,永吉县,646
653,220281,4,吉林省,吉林市,蛟河市,646
654,220282,4,吉林省,吉林市,桦甸市,646
655,220283,4,吉林省,吉林市,舒兰市,646
656,220284,4,吉林省,吉林市,磐石市,646
658,220301,4,吉林省,四平市,市辖区,657
659,220302,4,吉林省,四平市,铁西区,657
660,220303,4,吉林省,四平市,铁东区,657
661,220322,4,吉林省,四平市,梨树县,657
662,220323,4,吉林省,四平市,伊通满族自治县,657
663,220381,4,吉林省,四平市,公主岭市,657
664,220382,4,吉林省,四平市,双辽市,657
666,220401,4,吉林省,辽源市,市辖区,665
667,220402,4,吉林省,辽源市,龙山区,665
668,220403,4,吉林省,辽源市,西安区,665
669,220421,4,吉林省,辽源市,东丰县,665
670,220422,4,吉林省,辽源市,东辽县,665
672,220501,4,吉林省,通化市,市辖区,671
673,220502,4,吉林省,通化市,东昌区,671
674,220503,4,吉林省,通化市,二道江区,671
675,220521,4,吉林省,通化市,通化县,671
676,220523,4,吉林省,通化市,辉南县,671
677,220524,4,吉林省,通化市,柳河县,671
678,220581,4,吉林省,通化市,梅河口市,671
679,220582,4,吉林省,通化市,集安市,671
681,220601,4,吉林省,白山市,市辖区,680
682,220602,4,吉林省,白山市,浑江区,680
683,220605,4,吉林省,白山市,江源区,680
684,220621,4,吉林省,白山市,抚松县,680
685,220622,4,吉林省,白山市,靖宇县,680
686,220623,4,吉林省,白山市,长白朝鲜族自治县,680
687,220681,4,吉林省,白山市,临江市,680
689,220701,4,吉林省,松原市,市辖区,688
690,220702,4,吉林省,松原市,宁江区,688
691,220721,4,吉林省,松原市,前郭尔罗斯蒙古族自治县,688
692,220722,4,吉林省,松原市,长岭县,688
693,220723,4,吉林省,松原市,乾安县,688
694,220781,4,吉林省,松原市,扶余市,688
696,220801,4,吉林省,白城市,市辖区,695
697,220802,4,吉林省,白城市,洮北区,695
698,220821,4,吉林省,白城市,镇赉县,695
699,220822,4,吉林省,白城市,通榆县,695
700,220881,4,吉林省,白城市,洮南市,695
701,220882,4,吉林省,白城市,大安市,695
703,222401,4,吉林省,延边朝鲜族自治州,延吉市,702
704,222402,4,吉林省,延边朝鲜族自治州,图们市,702
705,222403,4,吉林省,延边朝鲜族自治州,敦化市,702
706,222404,4,吉林省,延边朝鲜族自治州,珲春市,702
707,222405,4,吉林省,延边朝鲜族自治州,龙井市,702
708,222406,4,吉林省,延边朝鲜族自治州,和龙市,702
709,222424,4,吉林省,延边朝鲜族自治州,汪清县,702
710,222426,4,吉林省,延边朝鲜族自治州,安图县,702
713,230101,4,黑龙江省,哈尔滨市,市辖区,712
714,230102,4,黑龙江省,哈尔滨市,道里区,712
715,230103,4,黑龙江省,哈尔滨市,南岗区,712
716,230104,4,黑龙江省,哈尔滨市,道外区,712
717,230108,4,黑龙江省,哈尔滨市,平房区,712
718,230109,4,黑龙江省,哈尔滨市,松北区,712
719,230110,4,黑龙江省,哈尔滨市,香坊区,712
720,230111,4,黑龙江省,哈尔滨市,呼兰区,712
721,230112,4,黑龙江省,哈尔滨市,阿城区,712
722,230113,4,黑龙江省,哈尔滨市,双城区,712
723,230123,4,黑龙江省,哈尔滨市,依兰县,712
724,230124,4,黑龙江省,哈尔滨市,方正县,712
725,230125,4,黑龙江省,哈尔滨市,宾县,712
726,230126,4,黑龙江省,哈尔滨市,巴彦县,712
727,230127,4,黑龙江省,哈尔滨市,木兰县,712
728,230128,4,黑龙江省,哈尔滨市,通河县,712
729,230129,4,黑龙江省,哈尔滨市,延寿县,712
730,230183,4,黑龙江省,哈尔滨市,尚志市,712
731,230184,4,黑龙江省,哈尔滨市,五常市,712
733,230201,4,黑龙江省,齐齐哈尔市,市辖区,732
734,230202,4,黑龙江省,齐齐哈尔市,龙沙区,732
735,230203,4,黑龙江省,齐齐哈尔市,建华区,732
736,230204,4,黑龙江省,齐齐哈尔市,铁锋区,732
737,230205,4,黑龙江省,齐齐哈尔市,昂昂溪区,732
738,230206,4,黑龙江省,齐齐哈尔市,富拉尔基区,732
739,230207,4,黑龙江省,齐齐哈尔市,碾子山区,732
740,230208,4,黑龙江省,齐齐哈尔市,梅里斯达斡尔族区,732
741,230221,4,黑龙江省,齐齐哈尔市,龙江县,732
742,230223,4,黑龙江省,齐齐哈尔市,依安县,732
743,230224,4,黑龙江省,齐齐哈尔市,泰来县,732
744,230225,4,黑龙江省,齐齐哈尔市,甘南县,732
745,230227,4,黑龙江省,齐齐哈尔市,富裕县,732
746,230229,4,黑龙江省,齐齐哈尔市,克山县,732
747,230230,4,黑龙江省,齐齐哈尔市,克东县,732
748,230231,4,黑龙江省,齐齐哈尔市,拜泉县,732
749,230281,4,黑龙江省,齐齐哈尔市,讷河市,732
751,230301,4,黑龙江省,鸡西市,市辖区,750
752,230302,4,黑龙江省,鸡西市,鸡冠区,750
753,230303,4,黑龙江省,鸡西市,恒山区,750
754,230304,4,黑龙江省,鸡西市,滴道区,750
755,230305,4,黑龙江省,鸡西市,梨树区,750
756,230306,4,黑龙江省,鸡西市,城子河区,750
757,230307,4,黑龙江省,鸡西市,麻山区,750
758,230321,4,黑龙江省,鸡西市,鸡东县,750
759,230381,4,黑龙江省,鸡西市,虎林市,750
760,230382,4,黑龙江省,鸡西市,密山市,750
762,230401,4,黑龙江省,鹤岗市,市辖区,761
763,230402,4,黑龙江省,鹤岗市,向阳区,761
764,230403,4,黑龙江省,鹤岗市,工农区,761
765,230404,4,黑龙江省,鹤岗市,南山区,761
766,230405,4,黑龙江省,鹤岗市,兴安区,761
767,230406,4,黑龙江省,鹤岗市,东山区,761
768,230407,4,黑龙江省,鹤岗市,兴山区,761
769,230421,4,黑龙江省,鹤岗市,萝北县,761
770,230422,4,黑龙江省,鹤岗市,绥滨县,761
772,230501,4,黑龙江省,双鸭山市,市辖区,771
773,230502,4,黑龙江省,双鸭山市,尖山区,771
774,230503,4,黑龙江省,双鸭山市,岭东区,771
775,230505,4,黑龙江省,双鸭山市,四方台区,771
776,230506,4,黑龙江省,双鸭山市,宝山区,771
777,230521,4,黑龙江省,双鸭山市,集贤县,771
778,230522,4,黑龙江省,双鸭山市,友谊县,771
779,230523,4,黑龙江省,双鸭山市,宝清县,771
780,230524,4,黑龙江省,双鸭山市,饶河县,771
782,230601,4,黑龙江省,大庆市,市辖区,781
784,230602,4,黑龙江省,大庆市,萨尔图区,781
786,230603,4,黑龙江省,大庆市,龙凤区,781
788,230604,4,黑龙江省,大庆市,让胡路区,781
790,230605,4,黑龙江省,大庆市,红岗区,781
792,230606,4,黑龙江省,大庆市,大同区,781
794,230621,4,黑龙江省,大庆市,肇州县,781
796,230622,4,黑龙江省,大庆市,肇源县,781
798,230623,4,黑龙江省,大庆市,林甸县,781
800,230624,4,黑龙江省,大庆市,杜尔伯特蒙古族自治县,781
801,230671,4,黑龙江省,大庆市,大庆高新技术产业开发区,781
803,230701,4,黑龙江省,伊春市,市辖区,802
804,230717,4,黑龙江省,伊春市,伊美区,802
805,230718,4,黑龙江省,伊春市,乌翠区,802
806,230719,4,黑龙江省,伊春市,友好区,802
807,230722,4,黑龙江省,伊春市,嘉荫县,802
808,230723,4,黑龙江省,伊春市,汤旺县,802
809,230724,4,黑龙江省,伊春市,丰林县,802
810,230725,4,黑龙江省,伊春市,大箐山县,802
811,230726,4,黑龙江省,伊春市,南岔县,802
812,230751,4,黑龙江省,伊春市,金林区,802
813,230781,4,黑龙江省,伊春市,铁力市,802
815,230801,4,黑龙江省,佳木斯市,市辖区,814
816,230803,4,黑龙江省,佳木斯市,向阳区,814
817,230804,4,黑龙江省,佳木斯市,前进区,814
818,230805,4,黑龙江省,佳木斯市,东风区,814
819,230811,4,黑龙江省,佳木斯市,郊区,814
820,230822,4,黑龙江省,佳木斯市,桦南县,814
821,230826,4,黑龙江省,佳木斯市,桦川县,814
822,230828,4,黑龙江省,佳木斯市,汤原县,814
823,230881,4,黑龙江省,佳木斯市,同江市,814
824,230882,4,黑龙江省,佳木斯市,富锦市,814
825,230883,4,黑龙江省,佳木斯市,抚远市,814
827,230901,4,黑龙江省,七台河市,市辖区,826
828,230902,4,黑龙江省,七台河市,新兴区,826
829,230903,4,黑龙江省,七台河市,桃山区,826
830,230904,4,黑龙江省,七台河市,茄子河区,826
831,230921,4,黑龙江省,七台河市,勃利县,826
833,231001,4,黑龙江省,牡丹江市,市辖区,832
834,231002,4,黑龙江省,牡丹江市,东安区,832
835,231003,4,黑龙江省,牡丹江市,阳明区,832
836,231004,4,黑龙江省,牡丹江市,爱民区,832
837,231005,4,黑龙江省,牡丹江市,西安区,832
838,231025,4,黑龙江省,牡丹江市,林口县,832
839,231081,4,黑龙江省,牡丹江市,绥芬河市,832
840,231083,4,黑龙江省,牡丹江市,海林市,832
841,231084,4,黑龙江省,牡丹江市,宁安市,832
842,231085,4,黑龙江省,牡丹江市,穆棱市,832
843,231086,4,黑龙江省,牡丹江市,东宁市,832
845,231101,4,黑龙江省,黑河市,市辖区,844
847,231102,4,黑龙江省,黑河市,爱辉区,844
849,231123,4,黑龙江省,黑河市,逊克县,844
851,231124,4,黑龙江省,黑河市,孙吴县,844
853,231181,4,黑龙江省,黑河市,北安市,844
855,231182,4,黑龙江省,黑河市,五大连池市,844
857,231183,4,黑龙江省,黑河市,嫩江市,844
859,231201,4,黑龙江省,绥化市,市辖区,858
860,231202,4,黑龙江省,绥化市,北林区,858
861,231221,4,黑龙江省,绥化市,望奎县,858
862,231222,4,黑龙江省,绥化市,兰西县,858
863,231223,4,黑龙江省,绥化市,青冈县,858
864,231224,4,黑龙江省,绥化市,庆安县,858
865,231225,4,黑龙江省,绥化市,明水县,858
866,231226,4,黑龙江省,绥化市,绥棱县,858
867,231281,4,黑龙江省,绥化市,安达市,858
868,231282,4,黑龙江省,绥化市,肇东市,858
869,231283,4,黑龙江省,绥化市,海伦市,858
871,232701,4,黑龙江省,大兴安岭地区,漠河市,870
872,232721,4,黑龙江省,大兴安岭地区,呼玛县,870
873,232722,4,黑龙江省,大兴安岭地区,塔河县,870
875,310101,4,上海市,上海市,黄浦区,4097
876,310104,4,上海市,上海市,徐汇区,4097
877,310105,4,上海市,上海市,长宁区,4097
878,310106,4,上海市,上海市,静安区,4097
879,310107,4,上海市,上海市,普陀区,4097
880,310109,4,上海市,上海市,虹口区,4097
881,310110,4,上海市,上海市,杨浦区,4097
882,310112,4,上海市,上海市,闵行区,4097
883,310113,4,上海市,上海市,宝山区,4097
884,310114,4,上海市,上海市,嘉定区,4097
885,310115,4,上海市,上海市,浦东新区,4097
886,310116,4,上海市,上海市,金山区,4097
887,310117,4,上海市,上海市,松江区,4097
888,310118,4,上海市,上海市,青浦区,4097
889,310120,4,上海市,上海市,奉贤区,4097
890,310151,4,上海市,上海市,崇明区,4097
893,320101,4,江苏省,南京市,市辖区,892
894,320102,4,江苏省,南京市,玄武区,892
895,320104,4,江苏省,南京市,秦淮区,892
896,320105,4,江苏省,南京市,建邺区,892
897,320106,4,江苏省,南京市,鼓楼区,892
898,320111,4,江苏省,南京市,浦口区,892
899,320113,4,江苏省,南京市,栖霞区,892
900,320114,4,江苏省,南京市,雨花台区,892
901,320115,4,江苏省,南京市,江宁区,892
902,320116,4,江苏省,南京市,六合区,892
903,320117,4,江苏省,南京市,溧水区,892
904,320118,4,江苏省,南京市,高淳区,892
906,320201,4,江苏省,无锡市,市辖区,905
907,320205,4,江苏省,无锡市,锡山区,905
908,320206,4,江苏省,无锡市,惠山区,905
909,320211,4,江苏省,无锡市,滨湖区,905
910,320213,4,江苏省,无锡市,梁溪区,905
911,320214,4,江苏省,无锡市,新吴区,905
912,320281,4,江苏省,无锡市,江阴市,905
913,320282,4,江苏省,无锡市,宜兴市,905
915,320301,4,江苏省,徐州市,市辖区,914
916,320302,4,江苏省,徐州市,鼓楼区,914
917,320303,4,江苏省,徐州市,云龙区,914
918,320305,4,江苏省,徐州市,贾汪区,914
919,320311,4,江苏省,徐州市,泉山区,914
920,320312,4,江苏省,徐州市,铜山区,914
921,320321,4,江苏省,徐州市,丰县,914
922,320322,4,江苏省,徐州市,沛县,914
923,320324,4,江苏省,徐州市,睢宁县,914
924,320381,4,江苏省,徐州市,新沂市,914
925,320382,4,江苏省,徐州市,邳州市,914
927,320401,4,江苏省,常州市,市辖区,926
928,320402,4,江苏省,常州市,天宁区,926
929,320404,4,江苏省,常州市,钟楼区,926
930,320411,4,江苏省,常州市,新北区,926
931,320412,4,江苏省,常州市,武进区,926
932,320413,4,江苏省,常州市,金坛区,926
933,320481,4,江苏省,常州市,溧阳市,926
935,320501,4,江苏省,苏州市,市辖区,934
936,320505,4,江苏省,苏州市,虎丘区,934
937,320506,4,江苏省,苏州市,吴中区,934
938,320507,4,江苏省,苏州市,相城区,934
939,320508,4,江苏省,苏州市,姑苏区,934
940,320509,4,江苏省,苏州市,吴江区,934
941,320581,4,江苏省,苏州市,常熟市,934
942,320582,4,江苏省,苏州市,张家港市,934
943,320583,4,江苏省,苏州市,昆山市,934
944,320585,4,江苏省,苏州市,太仓市,934
946,320601,4,江苏省,南通市,市辖区,945
947,320602,4,江苏省,南通市,崇川区,945
948,320611,4,江苏省,南通市,港闸区,945
949,320612,4,江苏省,南通市,通州区,945
950,320623,4,江苏省,南通市,如东县,945
951,320681,4,江苏省,南通市,启东市,945
952,320682,4,江苏省,南通市,如皋市,945
953,320684,4,江苏省,南通市,海门市,945
954,320685,4,江苏省,南通市,海安市,945
956,320701,4,江苏省,连云港市,市辖区,955
957,320703,4,江苏省,连云港市,连云区,955
958,320706,4,江苏省,连云港市,海州区,955
959,320707,4,江苏省,连云港市,赣榆区,955
960,320722,4,江苏省,连云港市,东海县,955
961,320723,4,江苏省,连云港市,灌云县,955
962,320724,4,江苏省,连云港市,灌南县,955
964,320801,4,江苏省,淮安市,市辖区,963
965,320803,4,江苏省,淮安市,淮安区,963
966,320804,4,江苏省,淮安市,淮阴区,963
967,320812,4,江苏省,淮安市,清江浦区,963
968,320813,4,江苏省,淮安市,洪泽区,963
969,320826,4,江苏省,淮安市,涟水县,963
970,320830,4,江苏省,淮安市,盱眙县,963
971,320831,4,江苏省,淮安市,金湖县,963
973,320901,4,江苏省,盐城市,市辖区,972
974,320902,4,江苏省,盐城市,亭湖区,972
975,320903,4,江苏省,盐城市,盐都区,972
976,320904,4,江苏省,盐城市,大丰区,972
977,320921,4,江苏省,盐城市,响水县,972
978,320922,4,江苏省,盐城市,滨海县,972
979,320923,4,江苏省,盐城市,阜宁县,972
980,320924,4,江苏省,盐城市,射阳县,972
981,320925,4,江苏省,盐城市,建湖县,972
982,320981,4,江苏省,盐城市,东台市,972
984,321001,4,江苏省,扬州市,市辖区,983
985,321002,4,江苏省,扬州市,广陵区,983
986,321003,4,江苏省,扬州市,邗江区,983
987,321012,4,江苏省,扬州市,江都区,983
988,321023,4,江苏省,扬州市,宝应县,983
989,321081,4,江苏省,扬州市,仪征市,983
990,321084,4,江苏省,扬州市,高邮市,983
992,321101,4,江苏省,镇江市,市辖区,991
993,321102,4,江苏省,镇江市,京口区,991
994,321111,4,江苏省,镇江市,润州区,991
995,321112,4,江苏省,镇江市,丹徒区,991
996,321181,4,江苏省,镇江市,丹阳市,991
997,321182,4,江苏省,镇江市,扬中市,991
998,321183,4,江苏省,镇江市,句容市,991
1000,321201,4,江苏省,泰州市,市辖区,999
1001,321202,4,江苏省,泰州市,海陵区,999
1002,321203,4,江苏省,泰州市,高港区,999
1003,321204,4,江苏省,泰州市,姜堰区,999
1004,321281,4,江苏省,泰州市,兴化市,999
1005,321282,4,江苏省,泰州市,靖江市,999
1006,321283,4,江苏省,泰州市,泰兴市,999
1008,321301,4,江苏省,宿迁市,市辖区,1007
1009,321302,4,江苏省,宿迁市,宿城区,1007
1010,321311,4,江苏省,宿迁市,宿豫区,1007
1011,321322,4,江苏省,宿迁市,沭阳县,1007
1012,321323,4,江苏省,宿迁市,泗阳县,1007
1013,321324,4,江苏省,宿迁市,泗洪县,1007
1016,330101,4,浙江省,杭州市,市辖区,1015
1017,330102,4,浙江省,杭州市,上城区,1015
1018,330103,4,浙江省,杭州市,下城区,1015
1019,330104,4,浙江省,杭州市,江干区,1015
1020,330105,4,浙江省,杭州市,拱墅区,1015
1021,330106,4,浙江省,杭州市,西湖区,1015
1022,330108,4,浙江省,杭州市,滨江区,1015
1023,330109,4,浙江省,杭州市,萧山区,1015
1024,330110,4,浙江省,杭州市,余杭区,1015
1025,330111,4,浙江省,杭州市,富阳区,1015
1026,330112,4,浙江省,杭州市,临安区,1015
1027,330122,4,浙江省,杭州市,桐庐县,1015
1028,330127,4,浙江省,杭州市,淳安县,1015
1029,330182,4,浙江省,杭州市,建德市,1015
1031,330201,4,浙江省,宁波市,市辖区,1030
1032,330203,4,浙江省,宁波市,海曙区,1030
1033,330205,4,浙江省,宁波市,江北区,1030
1034,330206,4,浙江省,宁波市,北仑区,1030
1035,330211,4,浙江省,宁波市,镇海区,1030
1036,330212,4,浙江省,宁波市,鄞州区,1030
1037,330213,4,浙江省,宁波市,奉化区,1030
1038,330225,4,浙江省,宁波市,象山县,1030
1039,330226,4,浙江省,宁波市,宁海县,1030
1040,330281,4,浙江省,宁波市,余姚市,1030
1041,330282,4,浙江省,宁波市,慈溪市,1030
1043,330301,4,浙江省,温州市,市辖区,1042
1044,330302,4,浙江省,温州市,鹿城区,1042
1045,330303,4,浙江省,温州市,龙湾区,1042
1046,330304,4,浙江省,温州市,瓯海区,1042
1047,330305,4,浙江省,温州市,洞头区,1042
1048,330324,4,浙江省,温州市,永嘉县,1042
1049,330326,4,浙江省,温州市,平阳县,1042
1050,330327,4,浙江省,温州市,苍南县,1042
1051,330328,4,浙江省,温州市,文成县,1042
1052,330329,4,浙江省,温州市,泰顺县,1042
1053,330381,4,浙江省,温州市,瑞安市,1042
1054,330382,4,浙江省,温州市,乐清市,1042
1055,330383,4,浙江省,温州市,龙港市,1042
1057,330401,4,浙江省,嘉兴市,市辖区,1056
1058,330402,4,浙江省,嘉兴市,南湖区,1056
1059,330411,4,浙江省,嘉兴市,秀洲区,1056
1060,330421,4,浙江省,嘉兴市,嘉善县,1056
1061,330424,4,浙江省,嘉兴市,海盐县,1056
1062,330481,4,浙江省,嘉兴市,海宁市,1056
1063,330482,4,浙江省,嘉兴市,平湖市,1056
1064,330483,4,浙江省,嘉兴市,桐乡市,1056
1066,330501,4,浙江省,湖州市,市辖区,1065
1067,330502,4,浙江省,湖州市,吴兴区,1065
1068,330503,4,浙江省,湖州市,南浔区,1065
1069,330521,4,浙江省,湖州市,德清县,1065
1070,330522,4,浙江省,湖州市,长兴县,1065
1071,330523,4,浙江省,湖州市,安吉县,1065
1073,330601,4,浙江省,绍兴市,市辖区,1072
1074,330602,4,浙江省,绍兴市,越城区,1072
1075,330603,4,浙江省,绍兴市,柯桥区,1072
1076,330604,4,浙江省,绍兴市,上虞区,1072
1077,330624,4,浙江省,绍兴市,新昌县,1072
1078,330681,4,浙江省,绍兴市,诸暨市,1072
1079,330683,4,浙江省,绍兴市,嵊州市,1072
1081,330701,4,浙江省,金华市,市辖区,1080
1082,330702,4,浙江省,金华市,婺城区,1080
1083,330703,4,浙江省,金华市,金东区,1080
1084,330723,4,浙江省,金华市,武义县,1080
1085,330726,4,浙江省,金华市,浦江县,1080
1086,330727,4,浙江省,金华市,磐安县,1080
1087,330781,4,浙江省,金华市,兰溪市,1080
1088,330782,4,浙江省,金华市,义乌市,1080
1089,330783,4,浙江省,金华市,东阳市,1080
1090,330784,4,浙江省,金华市,永康市,1080
1092,330801,4,浙江省,衢州市,市辖区,1091
1093,330802,4,浙江省,衢州市,柯城区,1091
1094,330803,4,浙江省,衢州市,衢江区,1091
1095,330822,4,浙江省,衢州市,常山县,1091
1096,330824,4,浙江省,衢州市,开化县,1091
1097,330825,4,浙江省,衢州市,龙游县,1091
1098,330881,4,浙江省,衢州市,江山市,1091
1100,330901,4,浙江省,舟山市,市辖区,1099
1101,330902,4,浙江省,舟山市,定海区,1099
1102,330903,4,浙江省,舟山市,普陀区,1099
1103,330921,4,浙江省,舟山市,岱山县,1099
1104,330922,4,浙江省,舟山市,嵊泗县,1099
1106,331001,4,浙江省,台州市,市辖区,1105
1107,331002,4,浙江省,台州市,椒江区,1105
1108,331003,4,浙江省,台州市,黄岩区,1105
1109,331004,4,浙江省,台州市,路桥区,1105
1110,331022,4,浙江省,台州市,三门县,1105
1111,331023,4,浙江省,台州市,天台县,1105
1112,331024,4,浙江省,台州市,仙居县,1105
1113,331081,4,浙江省,台州市,温岭市,1105
1114,331082,4,浙江省,台州市,临海市,1105
1115,331083,4,浙江省,台州市,玉环市,1105
1117,331101,4,浙江省,丽水市,市辖区,1116
1118,331102,4,浙江省,丽水市,莲都区,1116
1119,331121,4,浙江省,丽水市,青田县,1116
1120,331122,4,浙江省,丽水市,缙云县,1116
1121,331123,4,浙江省,丽水市,遂昌县,1116
1122,331124,4,浙江省,丽水市,松阳县,1116
1123,331125,4,浙江省,丽水市,云和县,1116
1124,331126,4,浙江省,丽水市,庆元县,1116
1125,331127,4,浙江省,丽水市,景宁畲族自治县,1116
1126,331181,4,浙江省,丽水市,龙泉市,1116
1129,340101,4,安徽省,合肥市,市辖区,1128
1130,340102,4,安徽省,合肥市,瑶海区,1128
1131,340103,4,安徽省,合肥市,庐阳区,1128
1132,340104,4,安徽省,合肥市,蜀山区,1128
1133,340111,4,安徽省,合肥市,包河区,1128
1134,340121,4,安徽省,合肥市,长丰县,1128
1135,340122,4,安徽省,合肥市,肥东县,1128
1136,340123,4,安徽省,合肥市,肥西县,1128
1137,340124,4,安徽省,合肥市,庐江县,1128
1138,340181,4,安徽省,合肥市,巢湖市,1128
1140,340201,4,安徽省,芜湖市,市辖区,1139
1141,340202,4,安徽省,芜湖市,镜湖区,1139
1142,340203,4,安徽省,芜湖市,弋江区,1139
1143,340207,4,安徽省,芜湖市,鸠江区,1139
1144,340208,4,安徽省,芜湖市,三山区,1139
1145,340221,4,安徽省,芜湖市,芜湖县,1139
1146,340222,4,安徽省,芜湖市,繁昌县,1139
1147,340223,4,安徽省,芜湖市,南陵县,1139
1148,340281,4,安徽省,芜湖市,无为市,1139
1150,340301,4,安徽省,蚌埠市,市辖区,1149
1151,340302,4,安徽省,蚌埠市,龙子湖区,1149
1152,340303,4,安徽省,蚌埠市,蚌山区,1149
1153,340304,4,安徽省,蚌埠市,禹会区,1149
1154,340311,4,安徽省,蚌埠市,淮上区,1149
1155,340321,4,安徽省,蚌埠市,怀远县,1149
1156,340322,4,安徽省,蚌埠市,五河县,1149
1157,340323,4,安徽省,蚌埠市,固镇县,1149
1159,340401,4,安徽省,淮南市,市辖区,1158
1160,340402,4,安徽省,淮南市,大通区,1158
1161,340403,4,安徽省,淮南市,田家庵区,1158
1162,340404,4,安徽省,淮南市,谢家集区,1158
1163,340405,4,安徽省,淮南市,八公山区,1158
1164,340406,4,安徽省,淮南市,潘集区,1158
1165,340421,4,安徽省,淮南市,凤台县,1158
1166,340422,4,安徽省,淮南市,寿县,1158
1168,340501,4,安徽省,马鞍山市,市辖区,1167
1169,340503,4,安徽省,马鞍山市,花山区,1167
1170,340504,4,安徽省,马鞍山市,雨山区,1167
1171,340506,4,安徽省,马鞍山市,博望区,1167
1172,340521,4,安徽省,马鞍山市,当涂县,1167
1173,340522,4,安徽省,马鞍山市,含山县,1167
1174,340523,4,安徽省,马鞍山市,和县,1167
1176,340601,4,安徽省,淮北市,市辖区,1175
1177,340602,4,安徽省,淮北市,杜集区,1175
1178,340603,4,安徽省,淮北市,相山区,1175
1179,340604,4,安徽省,淮北市,烈山区,1175
1180,340621,4,安徽省,淮北市,濉溪县,1175
1182,340701,4,安徽省,铜陵市,市辖区,1181
1183,340705,4,安徽省,铜陵市,铜官区,1181
1184,340706,4,安徽省,铜陵市,义安区,1181
1185,340711,4,安徽省,铜陵市,郊区,1181
1186,340722,4,安徽省,铜陵市,枞阳县,1181
1188,340801,4,安徽省,安庆市,市辖区,1187
1189,340802,4,安徽省,安庆市,迎江区,1187
1190,340803,4,安徽省,安庆市,大观区,1187
1191,340811,4,安徽省,安庆市,宜秀区,1187
1192,340822,4,安徽省,安庆市,怀宁县,1187
1193,340825,4,安徽省,安庆市,太湖县,1187
1194,340826,4,安徽省,安庆市,宿松县,1187
1195,340827,4,安徽省,安庆市,望江县,1187
1196,340828,4,安徽省,安庆市,岳西县,1187
1197,340881,4,安徽省,安庆市,桐城市,1187
1198,340882,4,安徽省,安庆市,潜山市,1187
1200,341001,4,安徽省,黄山市,市辖区,1199
1201,341002,4,安徽省,黄山市,屯溪区,1199
1202,341003,4,安徽省,黄山市,黄山区,1199
1203,341004,4,安徽省,黄山市,徽州区,1199
1204,341021,4,安徽省,黄山市,歙县,1199
1205,341022,4,安徽省,黄山市,休宁县,1199
1206,341023,4,安徽省,黄山市,黟县,1199
1207,341024,4,安徽省,黄山市,祁门县,1199
1209,341101,4,安徽省,滁州市,市辖区,1208
1210,341102,4,安徽省,滁州市,琅琊区,1208
1211,341103,4,安徽省,滁州市,南谯区,1208
1212,341122,4,安徽省,滁州市,来安县,1208
1213,341124,4,安徽省,滁州市,全椒县,1208
1214,341125,4,安徽省,滁州市,定远县,1208
1215,341126,4,安徽省,滁州市,凤阳县,1208
1216,341181,4,安徽省,滁州市,天长市,1208
1217,341182,4,安徽省,滁州市,明光市,1208
1219,341201,4,安徽省,阜阳市,市辖区,1218
1220,341202,4,安徽省,阜阳市,颍州区,1218
1221,341203,4,安徽省,阜阳市,颍东区,1218
1222,341204,4,安徽省,阜阳市,颍泉区,1218
1223,341221,4,安徽省,阜阳市,临泉县,1218
1224,341222,4,安徽省,阜阳市,太和县,1218
1225,341225,4,安徽省,阜阳市,阜南县,1218
1226,341226,4,安徽省,阜阳市,颍上县,1218
1227,341282,4,安徽省,阜阳市,界首市,1218
1229,341301,4,安徽省,宿州市,市辖区,1228
1230,341302,4,安徽省,宿州市,埇桥区,1228
1231,341321,4,安徽省,宿州市,砀山县,1228
1232,341322,4,安徽省,宿州市,萧县,1228
1233,341323,4,安徽省,宿州市,灵璧县,1228
1234,341324,4,安徽省,宿州市,泗县,1228
1236,341501,4,安徽省,六安市,市辖区,1235
1237,341502,4,安徽省,六安市,金安区,1235
1238,341503,4,安徽省,六安市,裕安区,1235
1239,341504,4,安徽省,六安市,叶集区,1235
1240,341522,4,安徽省,六安市,霍邱县,1235
1241,341523,4,安徽省,六安市,舒城县,1235
1242,341524,4,安徽省,六安市,金寨县,1235
1243,341525,4,安徽省,六安市,霍山县,1235
1245,341601,4,安徽省,亳州市,市辖区,1244
1246,341602,4,安徽省,亳州市,谯城区,1244
1247,341621,4,安徽省,亳州市,涡阳县,1244
1248,341622,4,安徽省,亳州市,蒙城县,1244
1249,341623,4,安徽省,亳州市,利辛县,1244
1251,341701,4,安徽省,池州市,市辖区,1250
1252,341702,4,安徽省,池州市,贵池区,1250
1253,341721,4,安徽省,池州市,东至县,1250
1254,341722,4,安徽省,池州市,石台县,1250
1255,341723,4,安徽省,池州市,青阳县,1250
1257,341801,4,安徽省,宣城市,市辖区,1256
1258,341802,4,安徽省,宣城市,宣州区,1256
1259,341821,4,安徽省,宣城市,郎溪县,1256
1260,341823,4,安徽省,宣城市,泾县,1256
1261,341824,4,安徽省,宣城市,绩溪县,1256
1262,341825,4,安徽省,宣城市,旌德县,1256
1263,341881,4,安徽省,宣城市,宁国市,1256
1264,341882,4,安徽省,宣城市,广德市,1256
1267,350101,4,福建省,福州市,市辖区,1266
1268,350102,4,福建省,福州市,鼓楼区,1266
1269,350103,4,福建省,福州市,台江区,1266
1270,350104,4,福建省,福州市,仓山区,1266
1271,350105,4,福建省,福州市,马尾区,1266
1272,350111,4,福建省,福州市,晋安区,1266
1273,350112,4,福建省,福州市,长乐区,1266
1274,350121,4,福建省,福州市,闽侯县,1266
1275,350122,4,福建省,福州市,连江县,1266
1276,350123,4,福建省,福州市,罗源县,1266
1277,350124,4,福建省,福州市,闽清县,1266
1278,350125,4,福建省,福州市,永泰县,1266
1279,350128,4,福建省,福州市,平潭县,1266
1280,350181,4,福建省,福州市,福清市,1266
1282,350201,4,福建省,厦门市,市辖区,1281
1283,350203,4,福建省,厦门市,思明区,1281
1284,350205,4,福建省,厦门市,海沧区,1281
1285,350206,4,福建省,厦门市,湖里区,1281
1286,350211,4,福建省,厦门市,集美区,1281
1287,350212,4,福建省,厦门市,同安区,1281
1288,350213,4,福建省,厦门市,翔安区,1281
1290,350301,4,福建省,莆田市,市辖区,1289
1291,350302,4,福建省,莆田市,城厢区,1289
1292,350303,4,福建省,莆田市,涵江区,1289
1293,350304,4,福建省,莆田市,荔城区,1289
1294,350305,4,福建省,莆田市,秀屿区,1289
1295,350322,4,福建省,莆田市,仙游县,1289
1297,350401,4,福建省,三明市,市辖区,1296
1298,350402,4,福建省,三明市,梅列区,1296
1299,350403,4,福建省,三明市,三元区,1296
1300,350421,4,福建省,三明市,明溪县,1296
1301,350423,4,福建省,三明市,清流县,1296
1302,350424,4,福建省,三明市,宁化县,1296
1303,350425,4,福建省,三明市,大田县,1296
1304,350426,4,福建省,三明市,尤溪县,1296
1305,350427,4,福建省,三明市,沙县,1296
1306,350428,4,福建省,三明市,将乐县,1296
1307,350429,4,福建省,三明市,泰宁县,1296
1308,350430,4,福建省,三明市,建宁县,1296
1309,350481,4,福建省,三明市,永安市,1296
1311,350501,4,福建省,泉州市,市辖区,1310
1312,350502,4,福建省,泉州市,鲤城区,1310
1313,350503,4,福建省,泉州市,丰泽区,1310
1314,350504,4,福建省,泉州市,洛江区,1310
1315,350505,4,福建省,泉州市,泉港区,1310
1316,350521,4,福建省,泉州市,惠安县,1310
1317,350524,4,福建省,泉州市,安溪县,1310
1318,350525,4,福建省,泉州市,永春县,1310
1319,350526,4,福建省,泉州市,德化县,1310
1320,350527,4,福建省,泉州市,金门县,1310
1321,350581,4,福建省,泉州市,石狮市,1310
1322,350582,4,福建省,泉州市,晋江市,1310
1323,350583,4,福建省,泉州市,南安市,1310
1325,350601,4,福建省,漳州市,市辖区,1324
1326,350602,4,福建省,漳州市,芗城区,1324
1327,350603,4,福建省,漳州市,龙文区,1324
1328,350622,4,福建省,漳州市,云霄县,1324
1329,350623,4,福建省,漳州市,漳浦县,1324
1330,350624,4,福建省,漳州市,诏安县,1324
1331,350625,4,福建省,漳州市,长泰县,1324
1332,350626,4,福建省,漳州市,东山县,1324
1333,350627,4,福建省,漳州市,南靖县,1324
1334,350628,4,福建省,漳州市,平和县,1324
1335,350629,4,福建省,漳州市,华安县,1324
1336,350681,4,福建省,漳州市,龙海市,1324
1338,350701,4,福建省,南平市,市辖区,1337
1339,350702,4,福建省,南平市,延平区,1337
1340,350703,4,福建省,南平市,建阳区,1337
1341,350721,4,福建省,南平市,顺昌县,1337
1342,350722,4,福建省,南平市,浦城县,1337
1343,350723,4,福建省,南平市,光泽县,1337
1344,350724,4,福建省,南平市,松溪县,1337
1345,350725,4,福建省,南平市,政和县,1337
1346,350781,4,福建省,南平市,邵武市,1337
1347,350782,4,福建省,南平市,武夷山市,1337
1348,350783,4,福建省,南平市,建瓯市,1337
1350,350801,4,福建省,龙岩市,市辖区,1349
1351,350802,4,福建省,龙岩市,新罗区,1349
1352,350803,4,福建省,龙岩市,永定区,1349
1353,350821,4,福建省,龙岩市,长汀县,1349
1354,350823,4,福建省,龙岩市,上杭县,1349
1355,350824,4,福建省,龙岩市,武平县,1349
1356,350825,4,福建省,龙岩市,连城县,1349
1357,350881,4,福建省,龙岩市,漳平市,1349
1359,350901,4,福建省,宁德市,市辖区,1358
1360,350902,4,福建省,宁德市,蕉城区,1358
1361,350921,4,福建省,宁德市,霞浦县,1358
1362,350922,4,福建省,宁德市,古田县,1358
1363,350923,4,福建省,宁德市,屏南县,1358
1364,350924,4,福建省,宁德市,寿宁县,1358
1365,350925,4,福建省,宁德市,周宁县,1358
1366,350926,4,福建省,宁德市,柘荣县,1358
1367,350981,4,福建省,宁德市,福安市,1358
1368,350982,4,福建省,宁德市,福鼎市,1358
1371,360101,4,江西省,南昌市,市辖区,1370
1372,360102,4,江西省,南昌市,东湖区,1370
1373,360103,4,江西省,南昌市,西湖区,1370
1374,360104,4,江西省,南昌市,青云谱区,1370
1375,360111,4,江西省,南昌市,青山湖区,1370
1376,360112,4,江西省,南昌市,新建区,1370
1377,360113,4,江西省,南昌市,红谷滩区,1370
1378,360121,4,江西省,南昌市,南昌县,1370
1379,360123,4,江西省,南昌市,安义县,1370
1380,360124,4,江西省,南昌市,进贤县,1370
1382,360201,4,江西省,景德镇市,市辖区,1381
1383,360202,4,江西省,景德镇市,昌江区,1381
1384,360203,4,江西省,景德镇市,珠山区,1381
1385,360222,4,江西省,景德镇市,浮梁县,1381
1386,360281,4,江西省,景德镇市,乐平市,1381
1388,360301,4,江西省,萍乡市,市辖区,1387
1389,360302,4,江西省,萍乡市,安源区,1387
1390,360313,4,江西省,萍乡市,湘东区,1387
1391,360321,4,江西省,萍乡市,莲花县,1387
1392,360322,4,江西省,萍乡市,上栗县,1387
1393,360323,4,江西省,萍乡市,芦溪县,1387
1395,360401,4,江西省,九江市,市辖区,1394
1396,360402,4,江西省,九江市,濂溪区,1394
1397,360403,4,江西省,九江市,浔阳区,1394
1398,360404,4,江西省,九江市,柴桑区,1394
1399,360423,4,江西省,九江市,武宁县,1394
1400,360424,4,江西省,九江市,修水县,1394
1401,360425,4,江西省,九江市,永修县,1394
1402,360426,4,江西省,九江市,德安县,1394
1403,360428,4,江西省,九江市,都昌县,1394
1404,360429,4,江西省,九江市,湖口县,1394
1405,360430,4,江西省,九江市,彭泽县,1394
1406,360481,4,江西省,九江市,瑞昌市,1394
1407,360482,4,江西省,九江市,共青城市,1394
1408,360483,4,江西省,九江市,庐山市,1394
1410,360501,4,江西省,新余市,市辖区,1409
1411,360502,4,江西省,新余市,渝水区,1409
1412,360521,4,江西省,新余市,分宜县,1409
1414,360601,4,江西省,鹰潭市,市辖区,1413
1415,360602,4,江西省,鹰潭市,月湖区,1413
1416,360603,4,江西省,鹰潭市,余江区,1413
1417,360681,4,江西省,鹰潭市,贵溪市,1413
1419,360701,4,江西省,赣州市,市辖区,1418
1420,360702,4,江西省,赣州市,章贡区,1418
1421,360703,4,江西省,赣州市,南康区,1418
1422,360704,4,江西省,赣州市,赣县区,1418
1423,360722,4,江西省,赣州市,信丰县,1418
1424,360723,4,江西省,赣州市,大余县,1418
1425,360724,4,江西省,赣州市,上犹县,1418
1426,360725,4,江西省,赣州市,崇义县,1418
1427,360726,4,江西省,赣州市,安远县,1418
1428,360727,4,江西省,赣州市,龙南县,1418
1429,360728,4,江西省,赣州市,定南县,1418
1430,360729,4,江西省,赣州市,全南县,1418
1431,360730,4,江西省,赣州市,宁都县,1418
1432,360731,4,江西省,赣州市,于都县,1418
1433,360732,4,江西省,赣州市,兴国县,1418
1434,360733,4,江西省,赣州市,会昌县,1418
1435,360734,4,江西省,赣州市,寻乌县,1418
1436,360735,4,江西省,赣州市,石城县,1418
1437,360781,4,江西省,赣州市,瑞金市,1418
1439,360801,4,江西省,吉安市,市辖区,1438
1440,360802,4,江西省,吉安市,吉州区,1438
1441,360803,4,江西省,吉安市,青原区,1438
1442,360821,4,江西省,吉安市,吉安县,1438
1443,360822,4,江西省,吉安市,吉水县,1438
1444,360823,4,江西省,吉安市,峡江县,1438
1445,360824,4,江西省,吉安市,新干县,1438
1446,360825,4,江西省,吉安市,永丰县,1438
1447,360826,4,江西省,吉安市,泰和县,1438
1448,360827,4,江西省,吉安市,遂川县,1438
1449,360828,4,江西省,吉安市,万安县,1438
1450,360829,4,江西省,吉安市,安福县,1438
1451,360830,4,江西省,吉安市,永新县,1438
1452,360881,4,江西省,吉安市,井冈山市,1438
1454,360901,4,江西省,宜春市,市辖区,1453
1455,360902,4,江西省,宜春市,袁州区,1453
1456,360921,4,江西省,宜春市,奉新县,1453
1457,360922,4,江西省,宜春市,万载县,1453
1458,360923,4,江西省,宜春市,上高县,1453
1459,360924,4,江西省,宜春市,宜丰县,1453
1460,360925,4,江西省,宜春市,靖安县,1453
1461,360926,4,江西省,宜春市,铜鼓县,1453
1462,360981,4,江西省,宜春市,丰城市,1453
1463,360982,4,江西省,宜春市,樟树市,1453
1464,360983,4,江西省,宜春市,高安市,1453
1466,361001,4,江西省,抚州市,市辖区,1465
1467,361002,4,江西省,抚州市,临川区,1465
1468,361003,4,江西省,抚州市,东乡区,1465
1469,361021,4,江西省,抚州市,南城县,1465
1470,361022,4,江西省,抚州市,黎川县,1465
1471,361023,4,江西省,抚州市,南丰县,1465
1472,361024,4,江西省,抚州市,崇仁县,1465
1473,361025,4,江西省,抚州市,乐安县,1465
1474,361026,4,江西省,抚州市,宜黄县,1465
1475,361027,4,江西省,抚州市,金溪县,1465
1476,361028,4,江西省,抚州市,资溪县,1465
1477,361030,4,江西省,抚州市,广昌县,1465
1479,361101,4,江西省,上饶市,市辖区,1478
1480,361102,4,江西省,上饶市,信州区,1478
1481,361103,4,江西省,上饶市,广丰区,1478
1482,361104,4,江西省,上饶市,广信区,1478
1483,361123,4,江西省,上饶市,玉山县,1478
1484,361124,4,江西省,上饶市,铅山县,1478
1485,361125,4,江西省,上饶市,横峰县,1478
1486,361126,4,江西省,上饶市,弋阳县,1478
1487,361127,4,江西省,上饶市,余干县,1478
1488,361128,4,江西省,上饶市,鄱阳县,1478
1489,361129,4,江西省,上饶市,万年县,1478
1490,361130,4,江西省,上饶市,婺源县,1478
1491,361181,4,江西省,上饶市,德兴市,1478
1494,370101,4,山东省,济南市,市辖区,1493
1495,370102,4,山东省,济南市,历下区,1493
1496,370103,4,山东省,济南市,市中区,1493
1497,370104,4,山东省,济南市,槐荫区,1493
1498,370105,4,山东省,济南市,天桥区,1493
1499,370112,4,山东省,济南市,历城区,1493
1500,370113,4,山东省,济南市,长清区,1493
1501,370114,4,山东省,济南市,章丘区,1493
1502,370115,4,山东省,济南市,济阳区,1493
1503,370116,4,山东省,济南市,莱芜区,1493
1504,370117,4,山东省,济南市,钢城区,1493
1505,370124,4,山东省,济南市,平阴县,1493
1506,370126,4,山东省,济南市,商河县,1493
1508,370201,4,山东省,青岛市,市辖区,1507
1509,370202,4,山东省,青岛市,市南区,1507
1510,370203,4,山东省,青岛市,市北区,1507
1511,370211,4,山东省,青岛市,黄岛区,1507
1512,370212,4,山东省,青岛市,崂山区,1507
1513,370213,4,山东省,青岛市,李沧区,1507
1514,370214,4,山东省,青岛市,城阳区,1507
1515,370215,4,山东省,青岛市,即墨区,1507
1516,370281,4,山东省,青岛市,胶州市,1507
1517,370283,4,山东省,青岛市,平度市,1507
1518,370285,4,山东省,青岛市,莱西市,1507
1520,370301,4,山东省,淄博市,市辖区,1519
1521,370302,4,山东省,淄博市,淄川区,1519
1522,370303,4,山东省,淄博市,张店区,1519
1523,370304,4,山东省,淄博市,博山区,1519
1524,370305,4,山东省,淄博市,临淄区,1519
1525,370306,4,山东省,淄博市,周村区,1519
1526,370321,4,山东省,淄博市,桓台县,1519
1527,370322,4,山东省,淄博市,高青县,1519
1528,370323,4,山东省,淄博市,沂源县,1519
1530,370401,4,山东省,枣庄市,市辖区,1529
1531,370402,4,山东省,枣庄市,市中区,1529
1532,370403,4,山东省,枣庄市,薛城区,1529
1533,370404,4,山东省,枣庄市,峄城区,1529
1534,370405,4,山东省,枣庄市,台儿庄区,1529
1535,370406,4,山东省,枣庄市,山亭区,1529
1536,370481,4,山东省,枣庄市,滕州市,1529
1538,370501,4,山东省,东营市,市辖区,1537
1539,370502,4,山东省,东营市,东营区,1537
1540,370503,4,山东省,东营市,河口区,1537
1541,370505,4,山东省,东营市,垦利区,1537
1542,370522,4,山东省,东营市,利津县,1537
1543,370523,4,山东省,东营市,广饶县,1537
1545,370601,4,山东省,烟台市,市辖区,1544
1546,370602,4,山东省,烟台市,芝罘区,1544
1547,370611,4,山东省,烟台市,福山区,1544
1548,370612,4,山东省,烟台市,牟平区,1544
1549,370613,4,山东省,烟台市,莱山区,1544
1550,370634,4,山东省,烟台市,长岛县,1544
1551,370681,4,山东省,烟台市,龙口市,1544
1552,370682,4,山东省,烟台市,莱阳市,1544
1553,370683,4,山东省,烟台市,莱州市,1544
1554,370684,4,山东省,烟台市,蓬莱市,1544
1555,370685,4,山东省,烟台市,招远市,1544
1556,370686,4,山东省,烟台市,栖霞市,1544
1557,370687,4,山东省,烟台市,海阳市,1544
1559,370701,4,山东省,潍坊市,市辖区,1558
1560,370702,4,山东省,潍坊市,潍城区,1558
1561,370703,4,山东省,潍坊市,寒亭区,1558
1562,370704,4,山东省,潍坊市,坊子区,1558
1563,370705,4,山东省,潍坊市,奎文区,1558
1564,370724,4,山东省,潍坊市,临朐县,1558
1565,370725,4,山东省,潍坊市,昌乐县,1558
1566,370781,4,山东省,潍坊市,青州市,1558
1567,370782,4,山东省,潍坊市,诸城市,1558
1568,370783,4,山东省,潍坊市,寿光市,1558
1569,370784,4,山东省,潍坊市,安丘市,1558
1570,370785,4,山东省,潍坊市,高密市,1558
1571,370786,4,山东省,潍坊市,昌邑市,1558
1573,370801,4,山东省,济宁市,市辖区,1572
1574,370811,4,山东省,济宁市,任城区,1572
1575,370812,4,山东省,济宁市,兖州区,1572
1576,370826,4,山东省,济宁市,微山县,1572
1577,370827,4,山东省,济宁市,鱼台县,1572
1578,370828,4,山东省,济宁市,金乡县,1572
1579,370829,4,山东省,济宁市,嘉祥县,1572
1580,370830,4,山东省,济宁市,汶上县,1572
1581,370831,4,山东省,济宁市,泗水县,1572
1582,370832,4,山东省,济宁市,梁山县,1572
1583,370881,4,山东省,济宁市,曲阜市,1572
1584,370883,4,山东省,济宁市,邹城市,1572
1586,370901,4,山东省,泰安市,市辖区,1585
1587,370902,4,山东省,泰安市,泰山区,1585
1588,370911,4,山东省,泰安市,岱岳区,1585
1589,370921,4,山东省,泰安市,宁阳县,1585
1590,370923,4,山东省,泰安市,东平县,1585
1591,370982,4,山东省,泰安市,新泰市,1585
1592,370983,4,山东省,泰安市,肥城市,1585
1594,371001,4,山东省,威海市,市辖区,1593
1595,371002,4,山东省,威海市,环翠区,1593
1596,371003,4,山东省,威海市,文登区,1593
1597,371082,4,山东省,威海市,荣成市,1593
1598,371083,4,山东省,威海市,乳山市,1593
1600,371101,4,山东省,日照市,市辖区,1599
1601,371102,4,山东省,日照市,东港区,1599
1602,371103,4,山东省,日照市,岚山区,1599
1603,371121,4,山东省,日照市,五莲县,1599
1604,371122,4,山东省,日照市,莒县,1599
1606,371301,4,山东省,临沂市,市辖区,1605
1607,371302,4,山东省,临沂市,兰山区,1605
1608,371311,4,山东省,临沂市,罗庄区,1605
1609,371312,4,山东省,临沂市,河东区,1605
1610,371321,4,山东省,临沂市,沂南县,1605
1611,371322,4,山东省,临沂市,郯城县,1605
1612,371323,4,山东省,临沂市,沂水县,1605
1613,371324,4,山东省,临沂市,兰陵县,1605
1614,371325,4,山东省,临沂市,费县,1605
1615,371326,4,山东省,临沂市,平邑县,1605
1616,371327,4,山东省,临沂市,莒南县,1605
1617,371328,4,山东省,临沂市,蒙阴县,1605
1618,371329,4,山东省,临沂市,临沭县,1605
1620,371401,4,山东省,德州市,市辖区,1619
1621,371402,4,山东省,德州市,德城区,1619
1622,371403,4,山东省,德州市,陵城区,1619
1623,371422,4,山东省,德州市,宁津县,1619
1624,371423,4,山东省,德州市,庆云县,1619
1625,371424,4,山东省,德州市,临邑县,1619
1626,371425,4,山东省,德州市,齐河县,1619
1627,371426,4,山东省,德州市,平原县,1619
1628,371427,4,山东省,德州市,夏津县,1619
1629,371428,4,山东省,德州市,武城县,1619
1630,371481,4,山东省,德州市,乐陵市,1619
1631,371482,4,山东省,德州市,禹城市,1619
1633,371501,4,山东省,聊城市,市辖区,1632
1634,371502,4,山东省,聊城市,东昌府区,1632
1635,371503,4,山东省,聊城市,茌平区,1632
1636,371521,4,山东省,聊城市,阳谷县,1632
1637,371522,4,山东省,聊城市,莘县,1632
1638,371524,4,山东省,聊城市,东阿县,1632
1639,371525,4,山东省,聊城市,冠县,1632
1640,371526,4,山东省,聊城市,高唐县,1632
1641,371581,4,山东省,聊城市,临清市,1632
1643,371601,4,山东省,滨州市,市辖区,1642
1644,371602,4,山东省,滨州市,滨城区,1642
1645,371603,4,山东省,滨州市,沾化区,1642
1646,371621,4,山东省,滨州市,惠民县,1642
1647,371622,4,山东省,滨州市,阳信县,1642
1648,371623,4,山东省,滨州市,无棣县,1642
1649,371625,4,山东省,滨州市,博兴县,1642
1650,371681,4,山东省,滨州市,邹平市,1642
1652,371701,4,山东省,菏泽市,市辖区,1651
1653,371702,4,山东省,菏泽市,牡丹区,1651
1654,371703,4,山东省,菏泽市,定陶区,1651
1655,371721,4,山东省,菏泽市,曹县,1651
1656,371722,4,山东省,菏泽市,单县,1651
1657,371723,4,山东省,菏泽市,成武县,1651
1658,371724,4,山东省,菏泽市,巨野县,1651
1659,371725,4,山东省,菏泽市,郓城县,1651
1660,371726,4,山东省,菏泽市,鄄城县,1651
1661,371728,4,山东省,菏泽市,东明县,1651
1664,410101,4,河南省,郑州市,市辖区,1663
1665,410102,4,河南省,郑州市,中原区,1663
1666,410103,4,河南省,郑州市,二七区,1663
1667,410104,4,河南省,郑州市,管城回族区,1663
1668,410105,4,河南省,郑州市,金水区,1663
1669,410106,4,河南省,郑州市,上街区,1663
1670,410108,4,河南省,郑州市,惠济区,1663
1671,410122,4,河南省,郑州市,中牟县,1663
1672,410181,4,河南省,郑州市,巩义市,1663
1673,410182,4,河南省,郑州市,荥阳市,1663
1674,410183,4,河南省,郑州市,新密市,1663
1675,410184,4,河南省,郑州市,新郑市,1663
1676,410185,4,河南省,郑州市,登封市,1663
1678,410201,4,河南省,开封市,市辖区,1677
1679,410202,4,河南省,开封市,龙亭区,1677
1680,410203,4,河南省,开封市,顺河回族区,1677
1681,410204,4,河南省,开封市,鼓楼区,1677
1682,410205,4,河南省,开封市,禹王台区,1677
1683,410212,4,河南省,开封市,祥符区,1677
1684,410221,4,河南省,开封市,杞县,1677
1685,410222,4,河南省,开封市,通许县,1677
1686,410223,4,河南省,开封市,尉氏县,1677
1687,410225,4,河南省,开封市,兰考县,1677
1689,410301,4,河南省,洛阳市,市辖区,1688
1690,410302,4,河南省,洛阳市,老城区,1688
1691,410303,4,河南省,洛阳市,西工区,1688
1692,410304,4,河南省,洛阳市,瀍河回族区,1688
1693,410305,4,河南省,洛阳市,涧西区,1688
1694,410306,4,河南省,洛阳市,吉利区,1688
1695,410311,4,河南省,洛阳市,洛龙区,1688
1696,410322,4,河南省,洛阳市,孟津县,1688
1697,410323,4,河南省,洛阳市,新安县,1688
1698,410324,4,河南省,洛阳市,栾川县,1688
1699,410325,4,河南省,洛阳市,嵩县,1688
1700,410326,4,河南省,洛阳市,汝阳县,1688
1701,410327,4,河南省,洛阳市,宜阳县,1688
1702,410328,4,河南省,洛阳市,洛宁县,1688
1703,410329,4,河南省,洛阳市,伊川县,1688
1704,410381,4,河南省,洛阳市,偃师市,1688
1706,410401,4,河南省,平顶山市,市辖区,1705
1707,410402,4,河南省,平顶山市,新华区,1705
1708,410403,4,河南省,平顶山市,卫东区,1705
1709,410404,4,河南省,平顶山市,石龙区,1705
1710,410411,4,河南省,平顶山市,湛河区,1705
1711,410421,4,河南省,平顶山市,宝丰县,1705
1712,410422,4,河南省,平顶山市,叶县,1705
1713,410423,4,河南省,平顶山市,鲁山县,1705
1714,410425,4,河南省,平顶山市,郏县,1705
1715,410481,4,河南省,平顶山市,舞钢市,1705
1716,410482,4,河南省,平顶山市,汝州市,1705
1718,410501,4,河南省,安阳市,市辖区,1717
1719,410502,4,河南省,安阳市,文峰区,1717
1720,410503,4,河南省,安阳市,北关区,1717
1721,410505,4,河南省,安阳市,殷都区,1717
1722,410506,4,河南省,安阳市,龙安区,1717
1723,410522,4,河南省,安阳市,安阳县,1717
1724,410523,4,河南省,安阳市,汤阴县,1717
1725,410526,4,河南省,安阳市,滑县,1717
1726,410527,4,河南省,安阳市,内黄县,1717
1727,410581,4,河南省,安阳市,林州市,1717
1729,410601,4,河南省,鹤壁市,市辖区,1728
1730,410602,4,河南省,鹤壁市,鹤山区,1728
1731,410603,4,河南省,鹤壁市,山城区,1728
1732,410611,4,河南省,鹤壁市,淇滨区,1728
1733,410621,4,河南省,鹤壁市,浚县,1728
1734,410622,4,河南省,鹤壁市,淇县,1728
1736,410701,4,河南省,新乡市,市辖区,1735
1737,410702,4,河南省,新乡市,红旗区,1735
1738,410703,4,河南省,新乡市,卫滨区,1735
1739,410704,4,河南省,新乡市,凤泉区,1735
1740,410711,4,河南省,新乡市,牧野区,1735
1741,410721,4,河南省,新乡市,新乡县,1735
1742,410724,4,河南省,新乡市,获嘉县,1735
1743,410725,4,河南省,新乡市,原阳县,1735
1744,410726,4,河南省,新乡市,延津县,1735
1745,410727,4,河南省,新乡市,封丘县,1735
1746,410781,4,河南省,新乡市,卫辉市,1735
1747,410782,4,河南省,新乡市,辉县市,1735
1748,410783,4,河南省,新乡市,长垣市,1735
1750,410801,4,河南省,焦作市,市辖区,1749
1751,410802,4,河南省,焦作市,解放区,1749
1752,410803,4,河南省,焦作市,中站区,1749
1753,410804,4,河南省,焦作市,马村区,1749
1754,410811,4,河南省,焦作市,山阳区,1749
1755,410821,4,河南省,焦作市,修武县,1749
1756,410822,4,河南省,焦作市,博爱县,1749
1757,410823,4,河南省,焦作市,武陟县,1749
1758,410825,4,河南省,焦作市,温县,1749
1759,410882,4,河南省,焦作市,沁阳市,1749
1760,410883,4,河南省,焦作市,孟州市,1749
1762,410901,4,河南省,濮阳市,市辖区,1761
1763,410902,4,河南省,濮阳市,华龙区,1761
1764,410922,4,河南省,濮阳市,清丰县,1761
1765,410923,4,河南省,濮阳市,南乐县,1761
1766,410926,4,河南省,濮阳市,范县,1761
1767,410927,4,河南省,濮阳市,台前县,1761
1768,410928,4,河南省,濮阳市,濮阳县,1761
1770,411001,4,河南省,许昌市,市辖区,1769
1771,411002,4,河南省,许昌市,魏都区,1769
1772,411003,4,河南省,许昌市,建安区,1769
1773,411024,4,河南省,许昌市,鄢陵县,1769
1774,411025,4,河南省,许昌市,襄城县,1769
1775,411081,4,河南省,许昌市,禹州市,1769
1776,411082,4,河南省,许昌市,长葛市,1769
1778,411101,4,河南省,漯河市,市辖区,1777
1779,411102,4,河南省,漯河市,源汇区,1777
1780,411103,4,河南省,漯河市,郾城区,1777
1781,411104,4,河南省,漯河市,召陵区,1777
1782,411121,4,河南省,漯河市,舞阳县,1777
1783,411122,4,河南省,漯河市,临颍县,1777
1785,411201,4,河南省,三门峡市,市辖区,1784
1786,411202,4,河南省,三门峡市,湖滨区,1784
1787,411203,4,河南省,三门峡市,陕州区,1784
1788,411221,4,河南省,三门峡市,渑池县,1784
1789,411224,4,河南省,三门峡市,卢氏县,1784
1790,411281,4,河南省,三门峡市,义马市,1784
1791,411282,4,河南省,三门峡市,灵宝市,1784
1793,411301,4,河南省,南阳市,市辖区,1792
1794,411302,4,河南省,南阳市,宛城区,1792
1795,411303,4,河南省,南阳市,卧龙区,1792
1796,411321,4,河南省,南阳市,南召县,1792
1797,411322,4,河南省,南阳市,方城县,1792
1798,411323,4,河南省,南阳市,西峡县,1792
1799,411324,4,河南省,南阳市,镇平县,1792
1800,411325,4,河南省,南阳市,内乡县,1792
1801,411326,4,河南省,南阳市,淅川县,1792
1802,411327,4,河南省,南阳市,社旗县,1792
1803,411328,4,河南省,南阳市,唐河县,1792
1804,411329,4,河南省,南阳市,新野县,1792
1805,411330,4,河南省,南阳市,桐柏县,1792
1806,411381,4,河南省,南阳市,邓州市,1792
1808,411401,4,河南省,商丘市,市辖区,1807
1809,411402,4,河南省,商丘市,梁园区,1807
1810,411403,4,河南省,商丘市,睢阳区,1807
1811,411421,4,河南省,商丘市,民权县,1807
1812,411422,4,河南省,商丘市,睢县,1807
1813,411423,4,河南省,商丘市,宁陵县,1807
1814,411424,4,河南省,商丘市,柘城县,1807
1815,411425,4,河南省,商丘市,虞城县,1807
1816,411426,4,河南省,商丘市,夏邑县,1807
1817,411481,4,河南省,商丘市,永城市,1807
1819,411501,4,河南省,信阳市,市辖区,1818
1820,411502,4,河南省,信阳市,浉河区,1818
1821,411503,4,河南省,信阳市,平桥区,1818
1822,411521,4,河南省,信阳市,罗山县,1818
1823,411522,4,河南省,信阳市,光山县,1818
1824,411523,4,河南省,信阳市,新县,1818
1825,411524,4,河南省,信阳市,商城县,1818
1826,411525,4,河南省,信阳市,固始县,1818
1827,411526,4,河南省,信阳市,潢川县,1818
1828,411527,4,河南省,信阳市,淮滨县,1818
1829,411528,4,河南省,信阳市,息县,1818
1831,411601,4,河南省,周口市,市辖区,1830
1832,411602,4,河南省,周口市,川汇区,1830
1833,411603,4,河南省,周口市,淮阳区,1830
1834,411621,4,河南省,周口市,扶沟县,1830
1835,411622,4,河南省,周口市,西华县,1830
1836,411623,4,河南省,周口市,商水县,1830
1837,411624,4,河南省,周口市,沈丘县,1830
1838,411625,4,河南省,周口市,郸城县,1830
1839,411627,4,河南省,周口市,太康县,1830
1840,411628,4,河南省,周口市,鹿邑县,1830
1841,411681,4,河南省,周口市,项城市,1830
1843,411701,4,河南省,驻马店市,市辖区,1842
1844,411702,4,河南省,驻马店市,驿城区,1842
1845,411721,4,河南省,驻马店市,西平县,1842
1846,411722,4,河南省,驻马店市,上蔡县,1842
1847,411723,4,河南省,驻马店市,平舆县,1842
1848,411724,4,河南省,驻马店市,正阳县,1842
1849,411725,4,河南省,驻马店市,确山县,1842
1850,411726,4,河南省,驻马店市,泌阳县,1842
1851,411727,4,河南省,驻马店市,汝南县,1842
1852,411728,4,河南省,驻马店市,遂平县,1842
1853,411729,4,河南省,驻马店市,新蔡县,1842
1854,419001,4,河南省,济源市,济源市,1662
1857,420101,4,湖北省,武汉市,市辖区,1856
1858,420102,4,湖北省,武汉市,江岸区,1856
1859,420103,4,湖北省,武汉市,江汉区,1856
1860,420104,4,湖北省,武汉市,硚口区,1856
1861,420105,4,湖北省,武汉市,汉阳区,1856
1862,420106,4,湖北省,武汉市,武昌区,1856
1863,420107,4,湖北省,武汉市,青山区,1856
1864,420111,4,湖北省,武汉市,洪山区,1856
1865,420112,4,湖北省,武汉市,东西湖区,1856
1866,420113,4,湖北省,武汉市,汉南区,1856
1867,420114,4,湖北省,武汉市,蔡甸区,1856
1868,420115,4,湖北省,武汉市,江夏区,1856
1869,420116,4,湖北省,武汉市,黄陂区,1856
1870,420117,4,湖北省,武汉市,新洲区,1856
1872,420201,4,湖北省,黄石市,市辖区,1871
1873,420202,4,湖北省,黄石市,黄石港区,1871
1874,420203,4,湖北省,黄石市,西塞山区,1871
1875,420204,4,湖北省,黄石市,下陆区,1871
1876,420205,4,湖北省,黄石市,铁山区,1871
1877,420222,4,湖北省,黄石市,阳新县,1871
1878,420281,4,湖北省,黄石市,大冶市,1871
1880,420301,4,湖北省,十堰市,市辖区,1879
1881,420302,4,湖北省,十堰市,茅箭区,1879
1882,420303,4,湖北省,十堰市,张湾区,1879
1883,420304,4,湖北省,十堰市,郧阳区,1879
1884,420322,4,湖北省,十堰市,郧西县,1879
1885,420323,4,湖北省,十堰市,竹山县,1879
1886,420324,4,湖北省,十堰市,竹溪县,1879
1887,420325,4,湖北省,十堰市,房县,1879
1888,420381,4,湖北省,十堰市,丹江口市,1879
1890,420501,4,湖北省,宜昌市,市辖区,1889
1891,420502,4,湖北省,宜昌市,西陵区,1889
1892,420503,4,湖北省,宜昌市,伍家岗区,1889
1893,420504,4,湖北省,宜昌市,点军区,1889
1894,420505,4,湖北省,宜昌市,猇亭区,1889
1895,420506,4,湖北省,宜昌市,夷陵区,1889
1896,420525,4,湖北省,宜昌市,远安县,1889
1897,420526,4,湖北省,宜昌市,兴山县,1889
1898,420527,4,湖北省,宜昌市,秭归县,1889
1899,420528,4,湖北省,宜昌市,长阳土家族自治县,1889
1900,420529,4,湖北省,宜昌市,五峰土家族自治县,1889
1901,420581,4,湖北省,宜昌市,宜都市,1889
1902,420582,4,湖北省,宜昌市,当阳市,1889
1903,420583,4,湖北省,宜昌市,枝江市,1889
1905,420601,4,湖北省,襄阳市,市辖区,1904
1906,420602,4,湖北省,襄阳市,襄城区,1904
1907,420606,4,湖北省,襄阳市,樊城区,1904
1908,420607,4,湖北省,襄阳市,襄州区,1904
1909,420624,4,湖北省,襄阳市,南漳县,1904
1910,420625,4,湖北省,襄阳市,谷城县,1904
1911,420626,4,湖北省,襄阳市,保康县,1904
1912,420682,4,湖北省,襄阳市,老河口市,1904
1913,420683,4,湖北省,襄阳市,枣阳市,1904
1914,420684,4,湖北省,襄阳市,宜城市,1904
1916,420701,4,湖北省,鄂州市,市辖区,1915
1917,420702,4,湖北省,鄂州市,梁子湖区,1915
1918,420703,4,湖北省,鄂州市,华容区,1915
1919,420704,4,湖北省,鄂州市,鄂城区,1915
1921,420801,4,湖北省,荆门市,市辖区,1920
1922,420802,4,湖北省,荆门市,东宝区,1920
1923,420804,4,湖北省,荆门市,掇刀区,1920
1924,420822,4,湖北省,荆门市,沙洋县,1920
1925,420881,4,湖北省,荆门市,钟祥市,1920
1926,420882,4,湖北省,荆门市,京山市,1920
1928,420901,4,湖北省,孝感市,市辖区,1927
1929,420902,4,湖北省,孝感市,孝南区,1927
1930,420921,4,湖北省,孝感市,孝昌县,1927
1931,420922,4,湖北省,孝感市,大悟县,1927
1932,420923,4,湖北省,孝感市,云梦县,1927
1933,420981,4,湖北省,孝感市,应城市,1927
1934,420982,4,湖北省,孝感市,安陆市,1927
1935,420984,4,湖北省,孝感市,汉川市,1927
1937,421001,4,湖北省,荆州市,市辖区,1936
1938,421002,4,湖北省,荆州市,沙市区,1936
1939,421003,4,湖北省,荆州市,荆州区,1936
1940,421022,4,湖北省,荆州市,公安县,1936
1941,421023,4,湖北省,荆州市,监利县,1936
1942,421024,4,湖北省,荆州市,江陵县,1936
1943,421081,4,湖北省,荆州市,石首市,1936
1944,421083,4,湖北省,荆州市,洪湖市,1936
1945,421087,4,湖北省,荆州市,松滋市,1936
1947,421101,4,湖北省,黄冈市,市辖区,1946
1948,421102,4,湖北省,黄冈市,黄州区,1946
1949,421121,4,湖北省,黄冈市,团风县,1946
1950,421122,4,湖北省,黄冈市,红安县,1946
1951,421123,4,湖北省,黄冈市,罗田县,1946
1952,421124,4,湖北省,黄冈市,英山县,1946
1953,421125,4,湖北省,黄冈市,浠水县,1946
1954,421126,4,湖北省,黄冈市,蕲春县,1946
1955,421127,4,湖北省,黄冈市,黄梅县,1946
1956,421181,4,湖北省,黄冈市,麻城市,1946
1957,421182,4,湖北省,黄冈市,武穴市,1946
1959,421201,4,湖北省,咸宁市,市辖区,1958
1960,421202,4,湖北省,咸宁市,咸安区,1958
1961,421221,4,湖北省,咸宁市,嘉鱼县,1958
1962,421222,4,湖北省,咸宁市,通城县,1958
1963,421223,4,湖北省,咸宁市,崇阳县,1958
1964,421224,4,湖北省,咸宁市,通山县,1958
1965,421281,4,湖北省,咸宁市,赤壁市,1958
1967,421301,4,湖北省,随州市,市辖区,1966
1968,421303,4,湖北省,随州市,曾都区,1966
1969,421321,4,湖北省,随州市,随县,1966
1970,421381,4,湖北省,随州市,广水市,1966
1972,422801,4,湖北省,恩施土家族苗族自治州,恩施市,1971
1973,422802,4,湖北省,恩施土家族苗族自治州,利川市,1971
1974,422822,4,湖北省,恩施土家族苗族自治州,建始县,1971
1975,422823,4,湖北省,恩施土家族苗族自治州,巴东县,1971
1976,422825,4,湖北省,恩施土家族苗族自治州,宣恩县,1971
1977,422826,4,湖北省,恩施土家族苗族自治州,咸丰县,1971
1978,422827,4,湖北省,恩施土家族苗族自治州,来凤县,1971
1979,422828,4,湖北省,恩施土家族苗族自治州,鹤峰县,1971
1980,429004,4,湖北省,恩施土家族苗族自治州,仙桃市,1971
1981,429005,4,湖北省,恩施土家族苗族自治州,潜江市,1971
1982,429006,4,湖北省,恩施土家族苗族自治州,天门市,1971
1983,429021,4,湖北省,恩施土家族苗族自治州,神农架林区,1971
1986,430101,4,湖南省,长沙市,市辖区,1985
1987,430102,4,湖南省,长沙市,芙蓉区,1985
1988,430103,4,湖南省,长沙市,天心区,1985
1989,430104,4,湖南省,长沙市,岳麓区,1985
1990,430105,4,湖南省,长沙市,开福区,1985
1991,430111,4,湖南省,长沙市,雨花区,1985
1992,430112,4,湖南省,长沙市,望城区,1985
1993,430121,4,湖南省,长沙市,长沙县,1985
1994,430181,4,湖南省,长沙市,浏阳市,1985
1995,430182,4,湖南省,长沙市,宁乡市,1985
1997,430201,4,湖南省,株洲市,市辖区,1996
1998,430202,4,湖南省,株洲市,荷塘区,1996
1999,430203,4,湖南省,株洲市,芦淞区,1996
2000,430204,4,湖南省,株洲市,石峰区,1996
2001,430211,4,湖南省,株洲市,天元区,1996
2002,430212,4,湖南省,株洲市,渌口区,1996
2003,430223,4,湖南省,株洲市,攸县,1996
2004,430224,4,湖南省,株洲市,茶陵县,1996
2005,430225,4,湖南省,株洲市,炎陵县,1996
2006,430281,4,湖南省,株洲市,醴陵市,1996
2008,430301,4,湖南省,湘潭市,市辖区,2007
2009,430302,4,湖南省,湘潭市,雨湖区,2007
2010,430304,4,湖南省,湘潭市,岳塘区,2007
2011,430321,4,湖南省,湘潭市,湘潭县,2007
2012,430381,4,湖南省,湘潭市,湘乡市,2007
2013,430382,4,湖南省,湘潭市,韶山市,2007
2015,430401,4,湖南省,衡阳市,市辖区,2014
2016,430405,4,湖南省,衡阳市,珠晖区,2014
2017,430406,4,湖南省,衡阳市,雁峰区,2014
2018,430407,4,湖南省,衡阳市,石鼓区,2014
2019,430408,4,湖南省,衡阳市,蒸湘区,2014
2020,430412,4,湖南省,衡阳市,南岳区,2014
2021,430421,4,湖南省,衡阳市,衡阳县,2014
2022,430422,4,湖南省,衡阳市,衡南县,2014
2023,430423,4,湖南省,衡阳市,衡山县,2014
2024,430424,4,湖南省,衡阳市,衡东县,2014
2025,430426,4,湖南省,衡阳市,祁东县,2014
2026,430481,4,湖南省,衡阳市,耒阳市,2014
2027,430482,4,湖南省,衡阳市,常宁市,2014
2029,430501,4,湖南省,邵阳市,市辖区,2028
2030,430502,4,湖南省,邵阳市,双清区,2028
2031,430503,4,湖南省,邵阳市,大祥区,2028
2032,430511,4,湖南省,邵阳市,北塔区,2028
2033,430522,4,湖南省,邵阳市,新邵县,2028
2034,430523,4,湖南省,邵阳市,邵阳县,2028
2035,430524,4,湖南省,邵阳市,隆回县,2028
2036,430525,4,湖南省,邵阳市,洞口县,2028
2037,430527,4,湖南省,邵阳市,绥宁县,2028
2038,430528,4,湖南省,邵阳市,新宁县,2028
2039,430529,4,湖南省,邵阳市,城步苗族自治县,2028
2040,430581,4,湖南省,邵阳市,武冈市,2028
2041,430582,4,湖南省,邵阳市,邵东市,2028
2043,430601,4,湖南省,岳阳市,市辖区,2042
2044,430602,4,湖南省,岳阳市,岳阳楼区,2042
2045,430603,4,湖南省,岳阳市,云溪区,2042
2046,430611,4,湖南省,岳阳市,君山区,2042
2047,430621,4,湖南省,岳阳市,岳阳县,2042
2048,430623,4,湖南省,岳阳市,华容县,2042
2049,430624,4,湖南省,岳阳市,湘阴县,2042
2050,430626,4,湖南省,岳阳市,平江县,2042
2051,430681,4,湖南省,岳阳市,汨罗市,2042
2052,430682,4,湖南省,岳阳市,临湘市,2042
2054,430701,4,湖南省,常德市,市辖区,2053
2055,430702,4,湖南省,常德市,武陵区,2053
2056,430703,4,湖南省,常德市,鼎城区,2053
2057,430721,4,湖南省,常德市,安乡县,2053
2058,430722,4,湖南省,常德市,汉寿县,2053
2059,430723,4,湖南省,常德市,澧县,2053
2060,430724,4,湖南省,常德市,临澧县,2053
2061,430725,4,湖南省,常德市,桃源县,2053
2062,430726,4,湖南省,常德市,石门县,2053
2063,430781,4,湖南省,常德市,津市市,2053
2065,430801,4,湖南省,张家界市,市辖区,2064
2066,430802,4,湖南省,张家界市,永定区,2064
2067,430811,4,湖南省,张家界市,武陵源区,2064
2068,430821,4,湖南省,张家界市,慈利县,2064
2069,430822,4,湖南省,张家界市,桑植县,2064
2071,430901,4,湖南省,益阳市,市辖区,2070
2072,430902,4,湖南省,益阳市,资阳区,2070
2073,430903,4,湖南省,益阳市,赫山区,2070
2074,430921,4,湖南省,益阳市,南县,2070
2075,430922,4,湖南省,益阳市,桃江县,2070
2076,430923,4,湖南省,益阳市,安化县,2070
2077,430981,4,湖南省,益阳市,沅江市,2070
2079,431001,4,湖南省,郴州市,市辖区,2078
2080,431002,4,湖南省,郴州市,北湖区,2078
2081,431003,4,湖南省,郴州市,苏仙区,2078
2082,431021,4,湖南省,郴州市,桂阳县,2078
2083,431022,4,湖南省,郴州市,宜章县,2078
2084,431023,4,湖南省,郴州市,永兴县,2078
2085,431024,4,湖南省,郴州市,嘉禾县,2078
2086,431025,4,湖南省,郴州市,临武县,2078
2087,431026,4,湖南省,郴州市,汝城县,2078
2088,431027,4,湖南省,郴州市,桂东县,2078
2089,431028,4,湖南省,郴州市,安仁县,2078
2090,431081,4,湖南省,郴州市,资兴市,2078
2092,431101,4,湖南省,永州市,市辖区,2091
2093,431102,4,湖南省,永州市,零陵区,2091
2094,431103,4,湖南省,永州市,冷水滩区,2091
2095,431121,4,湖南省,永州市,祁阳县,2091
2096,431122,4,湖南省,永州市,东安县,2091
2097,431123,4,湖南省,永州市,双牌县,2091
2098,431124,4,湖南省,永州市,道县,2091
2099,431125,4,湖南省,永州市,江永县,2091
2100,431126,4,湖南省,永州市,宁远县,2091
2101,431127,4,湖南省,永州市,蓝山县,2091
2102,431128,4,湖南省,永州市,新田县,2091
2103,431129,4,湖南省,永州市,江华瑶族自治县,2091
2105,431201,4,湖南省,怀化市,市辖区,2104
2106,431202,4,湖南省,怀化市,鹤城区,2104
2107,431221,4,湖南省,怀化市,中方县,2104
2108,431222,4,湖南省,怀化市,沅陵县,2104
2109,431223,4,湖南省,怀化市,辰溪县,2104
2110,431224,4,湖南省,怀化市,溆浦县,2104
2111,431225,4,湖南省,怀化市,会同县,2104
2112,431226,4,湖南省,怀化市,麻阳苗族自治县,2104
2113,431227,4,湖南省,怀化市,新晃侗族自治县,2104
2114,431228,4,湖南省,怀化市,芷江侗族自治县,2104
2115,431229,4,湖南省,怀化市,靖州苗族侗族自治县,2104
2116,431230,4,湖南省,怀化市,通道侗族自治县,2104
2117,431281,4,湖南省,怀化市,洪江市,2104
2119,431301,4,湖南省,娄底市,市辖区,2118
2120,431302,4,湖南省,娄底市,娄星区,2118
2121,431321,4,湖南省,娄底市,双峰县,2118
2122,431322,4,湖南省,娄底市,新化县,2118
2123,431381,4,湖南省,娄底市,冷水江市,2118
2124,431382,4,湖南省,娄底市,涟源市,2118
2126,433101,4,湖南省,湘西土家族苗族自治州,吉首市,2125
2127,433122,4,湖南省,湘西土家族苗族自治州,泸溪县,2125
2128,433123,4,湖南省,湘西土家族苗族自治州,凤凰县,2125
2129,433124,4,湖南省,湘西土家族苗族自治州,花垣县,2125
2130,433125,4,湖南省,湘西土家族苗族自治州,保靖县,2125
2131,433126,4,湖南省,湘西土家族苗族自治州,古丈县,2125
2132,433127,4,湖南省,湘西土家族苗族自治州,永顺县,2125
2133,433130,4,湖南省,湘西土家族苗族自治州,龙山县,2125
2136,440101,4,广东省,广州市,市辖区,2135
2137,440103,4,广东省,广州市,荔湾区,2135
2138,440104,4,广东省,广州市,越秀区,2135
2139,440105,4,广东省,广州市,海珠区,2135
2140,440106,4,广东省,广州市,天河区,2135
2141,440111,4,广东省,广州市,白云区,2135
2142,440112,4,广东省,广州市,黄埔区,2135
2143,440113,4,广东省,广州市,番禺区,2135
2144,440114,4,广东省,广州市,花都区,2135
2145,440115,4,广东省,广州市,南沙区,2135
2146,440117,4,广东省,广州市,从化区,2135
2147,440118,4,广东省,广州市,增城区,2135
2149,440201,4,广东省,韶关市,市辖区,2148
2150,440203,4,广东省,韶关市,武江区,2148
2151,440204,4,广东省,韶关市,浈江区,2148
2152,440205,4,广东省,韶关市,曲江区,2148
2153,440222,4,广东省,韶关市,始兴县,2148
2154,440224,4,广东省,韶关市,仁化县,2148
2155,440229,4,广东省,韶关市,翁源县,2148
2156,440232,4,广东省,韶关市,乳源瑶族自治县,2148
2157,440233,4,广东省,韶关市,新丰县,2148
2158,440281,4,广东省,韶关市,乐昌市,2148
2159,440282,4,广东省,韶关市,南雄市,2148
2161,440301,4,广东省,深圳市,市辖区,2160
2162,440303,4,广东省,深圳市,罗湖区,2160
2163,440304,4,广东省,深圳市,福田区,2160
2164,440305,4,广东省,深圳市,南山区,2160
2165,440306,4,广东省,深圳市,宝安区,2160
2166,440307,4,广东省,深圳市,龙岗区,2160
2167,440308,4,广东省,深圳市,盐田区,2160
2168,440309,4,广东省,深圳市,龙华区,2160
2169,440310,4,广东省,深圳市,坪山区,2160
2170,440311,4,广东省,深圳市,光明区,2160
2172,440401,4,广东省,珠海市,市辖区,2171
2173,440402,4,广东省,珠海市,香洲区,2171
2174,440403,4,广东省,珠海市,斗门区,2171
2175,440404,4,广东省,珠海市,金湾区,2171
2177,440501,4,广东省,汕头市,市辖区,2176
2178,440507,4,广东省,汕头市,龙湖区,2176
2179,440511,4,广东省,汕头市,金平区,2176
2180,440512,4,广东省,汕头市,濠江区,2176
2181,440513,4,广东省,汕头市,潮阳区,2176
2182,440514,4,广东省,汕头市,潮南区,2176
2183,440515,4,广东省,汕头市,澄海区,2176
2184,440523,4,广东省,汕头市,南澳县,2176
2186,440601,4,广东省,佛山市,市辖区,2185
2187,440604,4,广东省,佛山市,禅城区,2185
2188,440605,4,广东省,佛山市,南海区,2185
2189,440606,4,广东省,佛山市,顺德区,2185
2190,440607,4,广东省,佛山市,三水区,2185
2191,440608,4,广东省,佛山市,高明区,2185
2193,440701,4,广东省,江门市,市辖区,2192
2194,440703,4,广东省,江门市,蓬江区,2192
2195,440704,4,广东省,江门市,江海区,2192
2196,440705,4,广东省,江门市,新会区,2192
2197,440781,4,广东省,江门市,台山市,2192
2198,440783,4,广东省,江门市,开平市,2192
2199,440784,4,广东省,江门市,鹤山市,2192
2200,440785,4,广东省,江门市,恩平市,2192
2202,440801,4,广东省,湛江市,市辖区,2201
2203,440802,4,广东省,湛江市,赤坎区,2201
2204,440803,4,广东省,湛江市,霞山区,2201
2205,440804,4,广东省,湛江市,坡头区,2201
2206,440811,4,广东省,湛江市,麻章区,2201
2207,440823,4,广东省,湛江市,遂溪县,2201
2208,440825,4,广东省,湛江市,徐闻县,2201
2209,440881,4,广东省,湛江市,廉江市,2201
2210,440882,4,广东省,湛江市,雷州市,2201
2211,440883,4,广东省,湛江市,吴川市,2201
2213,440901,4,广东省,茂名市,市辖区,2212
2214,440902,4,广东省,茂名市,茂南区,2212
2215,440904,4,广东省,茂名市,电白区,2212
2216,440981,4,广东省,茂名市,高州市,2212
2217,440982,4,广东省,茂名市,化州市,2212
2218,440983,4,广东省,茂名市,信宜市,2212
2220,441201,4,广东省,肇庆市,市辖区,2219
2221,441202,4,广东省,肇庆市,端州区,2219
2222,441203,4,广东省,肇庆市,鼎湖区,2219
2223,441204,4,广东省,肇庆市,高要区,2219
2224,441223,4,广东省,肇庆市,广宁县,2219
2225,441224,4,广东省,肇庆市,怀集县,2219
2226,441225,4,广东省,肇庆市,封开县,2219
2227,441226,4,广东省,肇庆市,德庆县,2219
2228,441284,4,广东省,肇庆市,四会市,2219
2230,441301,4,广东省,惠州市,市辖区,2229
2231,441302,4,广东省,惠州市,惠城区,2229
2232,441303,4,广东省,惠州市,惠阳区,2229
2233,441322,4,广东省,惠州市,博罗县,2229
2234,441323,4,广东省,惠州市,惠东县,2229
2235,441324,4,广东省,惠州市,龙门县,2229
2237,441401,4,广东省,梅州市,市辖区,2236
2238,441402,4,广东省,梅州市,梅江区,2236
2239,441403,4,广东省,梅州市,梅县区,2236
2240,441422,4,广东省,梅州市,大埔县,2236
2241,441423,4,广东省,梅州市,丰顺县,2236
2242,441424,4,广东省,梅州市,五华县,2236
2243,441426,4,广东省,梅州市,平远县,2236
2244,441427,4,广东省,梅州市,蕉岭县,2236
2245,441481,4,广东省,梅州市,兴宁市,2236
2247,441501,4,广东省,汕尾市,市辖区,2246
2248,441502,4,广东省,汕尾市,城区,2246
2249,441521,4,广东省,汕尾市,海丰县,2246
2250,441523,4,广东省,汕尾市,陆河县,2246
2251,441581,4,广东省,汕尾市,陆丰市,2246
2253,441601,4,广东省,河源市,市辖区,2252
2254,441602,4,广东省,河源市,源城区,2252
2255,441621,4,广东省,河源市,紫金县,2252
2256,441622,4,广东省,河源市,龙川县,2252
2257,441623,4,广东省,河源市,连平县,2252
2258,441624,4,广东省,河源市,和平县,2252
2259,441625,4,广东省,河源市,东源县,2252
2261,441701,4,广东省,阳江市,市辖区,2260
2262,441702,4,广东省,阳江市,江城区,2260
2263,441704,4,广东省,阳江市,阳东区,2260
2264,441721,4,广东省,阳江市,阳西县,2260
2265,441781,4,广东省,阳江市,阳春市,2260
2267,441801,4,广东省,清远市,市辖区,2266
2268,441802,4,广东省,清远市,清城区,2266
2269,441803,4,广东省,清远市,清新区,2266
2270,441821,4,广东省,清远市,佛冈县,2266
2271,441823,4,广东省,清远市,阳山县,2266
2272,441825,4,广东省,清远市,连山壮族瑶族自治县,2266
2273,441826,4,广东省,清远市,连南瑶族自治县,2266
2274,441881,4,广东省,清远市,英德市,2266
2275,441882,4,广东省,清远市,连州市,2266
2279,445101,4,广东省,潮州市,市辖区,2278
2280,445102,4,广东省,潮州市,湘桥区,2278
2281,445103,4,广东省,潮州市,潮安区,2278
2282,445122,4,广东省,潮州市,饶平县,2278
2284,445201,4,广东省,揭阳市,市辖区,2283
2285,445202,4,广东省,揭阳市,榕城区,2283
2286,445203,4,广东省,揭阳市,揭东区,2283
2287,445222,4,广东省,揭阳市,揭西县,2283
2288,445224,4,广东省,揭阳市,惠来县,2283
2289,445281,4,广东省,揭阳市,普宁市,2283
2291,445301,4,广东省,云浮市,市辖区,2290
2293,445302,4,广东省,云浮市,云城区,2290
2295,445303,4,广东省,云浮市,云安区,2290
2297,445321,4,广东省,云浮市,新兴县,2290
2299,445322,4,广东省,云浮市,郁南县,2290
2301,445381,4,广东省,云浮市,罗定市,2290
2304,450101,4,广西壮族自治区,南宁市,市辖区,2303
2305,450102,4,广西壮族自治区,南宁市,兴宁区,2303
2306,450103,4,广西壮族自治区,南宁市,青秀区,2303
2307,450105,4,广西壮族自治区,南宁市,江南区,2303
2308,450107,4,广西壮族自治区,南宁市,西乡塘区,2303
2309,450108,4,广西壮族自治区,南宁市,良庆区,2303
2310,450109,4,广西壮族自治区,南宁市,邕宁区,2303
2311,450110,4,广西壮族自治区,南宁市,武鸣区,2303
2312,450123,4,广西壮族自治区,南宁市,隆安县,2303
2313,450124,4,广西壮族自治区,南宁市,马山县,2303
2314,450125,4,广西壮族自治区,南宁市,上林县,2303
2315,450126,4,广西壮族自治区,南宁市,宾阳县,2303
2316,450127,4,广西壮族自治区,南宁市,横县,2303
2318,450201,4,广西壮族自治区,柳州市,市辖区,2317
2319,450202,4,广西壮族自治区,柳州市,城中区,2317
2320,450203,4,广西壮族自治区,柳州市,鱼峰区,2317
2321,450204,4,广西壮族自治区,柳州市,柳南区,2317
2322,450205,4,广西壮族自治区,柳州市,柳北区,2317
2323,450206,4,广西壮族自治区,柳州市,柳江区,2317
2324,450222,4,广西壮族自治区,柳州市,柳城县,2317
2325,450223,4,广西壮族自治区,柳州市,鹿寨县,2317
2326,450224,4,广西壮族自治区,柳州市,融安县,2317
2327,450225,4,广西壮族自治区,柳州市,融水苗族自治县,2317
2328,450226,4,广西壮族自治区,柳州市,三江侗族自治县,2317
2330,450301,4,广西壮族自治区,桂林市,市辖区,2329
2331,450302,4,广西壮族自治区,桂林市,秀峰区,2329
2332,450303,4,广西壮族自治区,桂林市,叠彩区,2329
2333,450304,4,广西壮族自治区,桂林市,象山区,2329
2334,450305,4,广西壮族自治区,桂林市,七星区,2329
2335,450311,4,广西壮族自治区,桂林市,雁山区,2329
2336,450312,4,广西壮族自治区,桂林市,临桂区,2329
2337,450321,4,广西壮族自治区,桂林市,阳朔县,2329
2338,450323,4,广西壮族自治区,桂林市,灵川县,2329
2339,450324,4,广西壮族自治区,桂林市,全州县,2329
2340,450325,4,广西壮族自治区,桂林市,兴安县,2329
2341,450326,4,广西壮族自治区,桂林市,永福县,2329
2342,450327,4,广西壮族自治区,桂林市,灌阳县,2329
2343,450328,4,广西壮族自治区,桂林市,龙胜各族自治县,2329
2344,450329,4,广西壮族自治区,桂林市,资源县,2329
2345,450330,4,广西壮族自治区,桂林市,平乐县,2329
2346,450332,4,广西壮族自治区,桂林市,恭城瑶族自治县,2329
2347,450381,4,广西壮族自治区,桂林市,荔浦市,2329
2349,450401,4,广西壮族自治区,梧州市,市辖区,2348
2350,450403,4,广西壮族自治区,梧州市,万秀区,2348
2351,450405,4,广西壮族自治区,梧州市,长洲区,2348
2352,450406,4,广西壮族自治区,梧州市,龙圩区,2348
2353,450421,4,广西壮族自治区,梧州市,苍梧县,2348
2354,450422,4,广西壮族自治区,梧州市,藤县,2348
2355,450423,4,广西壮族自治区,梧州市,蒙山县,2348
2356,450481,4,广西壮族自治区,梧州市,岑溪市,2348
2358,450501,4,广西壮族自治区,北海市,市辖区,2357
2359,450502,4,广西壮族自治区,北海市,海城区,2357
2360,450503,4,广西壮族自治区,北海市,银海区,2357
2361,450512,4,广西壮族自治区,北海市,铁山港区,2357
2362,450521,4,广西壮族自治区,北海市,合浦县,2357
2364,450601,4,广西壮族自治区,防城港市,市辖区,2363
2365,450602,4,广西壮族自治区,防城港市,港口区,2363
2366,450603,4,广西壮族自治区,防城港市,防城区,2363
2367,450621,4,广西壮族自治区,防城港市,上思县,2363
2368,450681,4,广西壮族自治区,防城港市,东兴市,2363
2370,450701,4,广西壮族自治区,钦州市,市辖区,2369
2371,450702,4,广西壮族自治区,钦州市,钦南区,2369
2372,450703,4,广西壮族自治区,钦州市,钦北区,2369
2373,450721,4,广西壮族自治区,钦州市,灵山县,2369
2374,450722,4,广西壮族自治区,钦州市,浦北县,2369
2376,450801,4,广西壮族自治区,贵港市,市辖区,2375
2377,450802,4,广西壮族自治区,贵港市,港北区,2375
2378,450803,4,广西壮族自治区,贵港市,港南区,2375
2379,450804,4,广西壮族自治区,贵港市,覃塘区,2375
2380,450821,4,广西壮族自治区,贵港市,平南县,2375
2381,450881,4,广西壮族自治区,贵港市,桂平市,2375
2383,450901,4,广西壮族自治区,玉林市,市辖区,2382
2384,450902,4,广西壮族自治区,玉林市,玉州区,2382
2385,450903,4,广西壮族自治区,玉林市,福绵区,2382
2386,450921,4,广西壮族自治区,玉林市,容县,2382
2387,450922,4,广西壮族自治区,玉林市,陆川县,2382
2388,450923,4,广西壮族自治区,玉林市,博白县,2382
2389,450924,4,广西壮族自治区,玉林市,兴业县,2382
2390,450981,4,广西壮族自治区,玉林市,北流市,2382
2392,451001,4,广西壮族自治区,百色市,市辖区,2391
2393,451002,4,广西壮族自治区,百色市,右江区,2391
2394,451003,4,广西壮族自治区,百色市,田阳区,2391
2395,451022,4,广西壮族自治区,百色市,田东县,2391
2396,451024,4,广西壮族自治区,百色市,德保县,2391
2397,451026,4,广西壮族自治区,百色市,那坡县,2391
2398,451027,4,广西壮族自治区,百色市,凌云县,2391
2399,451028,4,广西壮族自治区,百色市,乐业县,2391
2400,451029,4,广西壮族自治区,百色市,田林县,2391
2401,451030,4,广西壮族自治区,百色市,西林县,2391
2402,451031,4,广西壮族自治区,百色市,隆林各族自治县,2391
2403,451081,4,广西壮族自治区,百色市,靖西市,2391
2404,451082,4,广西壮族自治区,百色市,平果市,2391
2406,451101,4,广西壮族自治区,贺州市,市辖区,2405
2407,451102,4,广西壮族自治区,贺州市,八步区,2405
2408,451103,4,广西壮族自治区,贺州市,平桂区,2405
2409,451121,4,广西壮族自治区,贺州市,昭平县,2405
2410,451122,4,广西壮族自治区,贺州市,钟山县,2405
2411,451123,4,广西壮族自治区,贺州市,富川瑶族自治县,2405
2413,451201,4,广西壮族自治区,河池市,市辖区,2412
2414,451202,4,广西壮族自治区,河池市,金城江区,2412
2415,451203,4,广西壮族自治区,河池市,宜州区,2412
2416,451221,4,广西壮族自治区,河池市,南丹县,2412
2417,451222,4,广西壮族自治区,河池市,天峨县,2412
2418,451223,4,广西壮族自治区,河池市,凤山县,2412
2419,451224,4,广西壮族自治区,河池市,东兰县,2412
2420,451225,4,广西壮族自治区,河池市,罗城仫佬族自治县,2412
2421,451226,4,广西壮族自治区,河池市,环江毛南族自治县,2412
2422,451227,4,广西壮族自治区,河池市,巴马瑶族自治县,2412
2423,451228,4,广西壮族自治区,河池市,都安瑶族自治县,2412
2424,451229,4,广西壮族自治区,河池市,大化瑶族自治县,2412
2426,451301,4,广西壮族自治区,来宾市,市辖区,2425
2427,451302,4,广西壮族自治区,来宾市,兴宾区,2425
2428,451321,4,广西壮族自治区,来宾市,忻城县,2425
2429,451322,4,广西壮族自治区,来宾市,象州县,2425
2430,451323,4,广西壮族自治区,来宾市,武宣县,2425
2431,451324,4,广西壮族自治区,来宾市,金秀瑶族自治县,2425
2432,451381,4,广西壮族自治区,来宾市,合山市,2425
2434,451401,4,广西壮族自治区,崇左市,市辖区,2433
2435,451402,4,广西壮族自治区,崇左市,江州区,2433
2436,451421,4,广西壮族自治区,崇左市,扶绥县,2433
2437,451422,4,广西壮族自治区,崇左市,宁明县,2433
2438,451423,4,广西壮族自治区,崇左市,龙州县,2433
2439,451424,4,广西壮族自治区,崇左市,大新县,2433
2440,451425,4,广西壮族自治区,崇左市,天等县,2433
2441,451481,4,广西壮族自治区,崇左市,凭祥市,2433
2444,460101,4,海南省,海口市,市辖区,2443
2445,460105,4,海南省,海口市,秀英区,2443
2446,460106,4,海南省,海口市,龙华区,2443
2447,460107,4,海南省,海口市,琼山区,2443
2448,460108,4,海南省,海口市,美兰区,2443
2450,460201,4,海南省,三亚市,市辖区,2449
2451,460202,4,海南省,三亚市,海棠区,2449
2452,460203,4,海南省,三亚市,吉阳区,2449
2453,460204,4,海南省,三亚市,天涯区,2449
2454,460205,4,海南省,三亚市,崖州区,2449
2457,469001,4,海南省,儋州市,五指山市,2456
2458,469002,4,海南省,儋州市,琼海市,2456
2459,469005,4,海南省,儋州市,文昌市,2456
2460,469006,4,海南省,儋州市,万宁市,2456
2461,469007,4,海南省,儋州市,东方市,2456
2462,469021,4,海南省,儋州市,定安县,2456
2463,469022,4,海南省,儋州市,屯昌县,2456
2464,469023,4,海南省,儋州市,澄迈县,2456
2465,469024,4,海南省,儋州市,临高县,2456
2466,469025,4,海南省,儋州市,白沙黎族自治县,2456
2467,469026,4,海南省,儋州市,昌江黎族自治县,2456
2468,469027,4,海南省,儋州市,乐东黎族自治县,2456
2469,469028,4,海南省,儋州市,陵水黎族自治县,2456
2470,469029,4,海南省,儋州市,保亭黎族苗族自治县,2456
2471,469030,4,海南省,儋州市,琼中黎族苗族自治县,2456
2473,500101,4,重庆市,重庆市,万州区,4098
2474,500102,4,重庆市,重庆市,涪陵区,4098
2475,500103,4,重庆市,重庆市,渝中区,4098
2476,500104,4,重庆市,重庆市,大渡口区,4098
2477,500105,4,重庆市,重庆市,江北区,4098
2478,500106,4,重庆市,重庆市,沙坪坝区,4098
2479,500107,4,重庆市,重庆市,九龙坡区,4098
2480,500108,4,重庆市,重庆市,南岸区,4098
2481,500109,4,重庆市,重庆市,北碚区,4098
2482,500110,4,重庆市,重庆市,綦江区,4098
2483,500111,4,重庆市,重庆市,大足区,4098
2484,500112,4,重庆市,重庆市,渝北区,4098
2485,500113,4,重庆市,重庆市,巴南区,4098
2486,500114,4,重庆市,重庆市,黔江区,4098
2487,500115,4,重庆市,重庆市,长寿区,4098
2488,500116,4,重庆市,重庆市,江津区,4098
2489,500117,4,重庆市,重庆市,合川区,4098
2490,500118,4,重庆市,重庆市,永川区,4098
2491,500119,4,重庆市,重庆市,南川区,4098
2492,500120,4,重庆市,重庆市,璧山区,4098
2493,500151,4,重庆市,重庆市,铜梁区,4098
2494,500152,4,重庆市,重庆市,潼南区,4098
2495,500153,4,重庆市,重庆市,荣昌区,4098
2496,500154,4,重庆市,重庆市,开州区,4098
2497,500155,4,重庆市,重庆市,梁平区,4098
2498,500156,4,重庆市,重庆市,武隆区,4098
2499,500229,4,重庆市,重庆市,城口县,4098
2500,500230,4,重庆市,重庆市,丰都县,4098
2501,500231,4,重庆市,重庆市,垫江县,4098
2502,500233,4,重庆市,重庆市,忠县,4098
2503,500235,4,重庆市,重庆市,云阳县,4098
2504,500236,4,重庆市,重庆市,奉节县,4098
2505,500237,4,重庆市,重庆市,巫山县,4098
2506,500238,4,重庆市,重庆市,巫溪县,4098
2507,500240,4,重庆市,重庆市,石柱土家族自治县,4098
2508,500241,4,重庆市,重庆市,秀山土家族苗族自治县,4098
2509,500242,4,重庆市,重庆市,酉阳土家族苗族自治县,4098
2510,500243,4,重庆市,重庆市,彭水苗族土家族自治县,4098
2513,510101,4,四川省,成都市,市辖区,2512
2514,510104,4,四川省,成都市,锦江区,2512
2515,510105,4,四川省,成都市,青羊区,2512
2516,510106,4,四川省,成都市,金牛区,2512
2517,510107,4,四川省,成都市,武侯区,2512
2518,510108,4,四川省,成都市,成华区,2512
2519,510112,4,四川省,成都市,龙泉驿区,2512
2520,510113,4,四川省,成都市,青白江区,2512
2521,510114,4,四川省,成都市,新都区,2512
2522,510115,4,四川省,成都市,温江区,2512
2523,510116,4,四川省,成都市,双流区,2512
2524,510117,4,四川省,成都市,郫都区,2512
2525,510121,4,四川省,成都市,金堂县,2512
2526,510129,4,四川省,成都市,大邑县,2512
2527,510131,4,四川省,成都市,蒲江县,2512
2528,510132,4,四川省,成都市,新津县,2512
2529,510181,4,四川省,成都市,都江堰市,2512
2530,510182,4,四川省,成都市,彭州市,2512
2531,510183,4,四川省,成都市,邛崃市,2512
2532,510184,4,四川省,成都市,崇州市,2512
2533,510185,4,四川省,成都市,简阳市,2512
2535,510301,4,四川省,自贡市,市辖区,2534
2536,510302,4,四川省,自贡市,自流井区,2534
2537,510303,4,四川省,自贡市,贡井区,2534
2538,510304,4,四川省,自贡市,大安区,2534
2539,510311,4,四川省,自贡市,沿滩区,2534
2540,510321,4,四川省,自贡市,荣县,2534
2541,510322,4,四川省,自贡市,富顺县,2534
2543,510401,4,四川省,攀枝花市,市辖区,2542
2544,510402,4,四川省,攀枝花市,东区,2542
2545,510403,4,四川省,攀枝花市,西区,2542
2546,510411,4,四川省,攀枝花市,仁和区,2542
2547,510421,4,四川省,攀枝花市,米易县,2542
2548,510422,4,四川省,攀枝花市,盐边县,2542
2550,510501,4,四川省,泸州市,市辖区,2549
2551,510502,4,四川省,泸州市,江阳区,2549
2552,510503,4,四川省,泸州市,纳溪区,2549
2553,510504,4,四川省,泸州市,龙马潭区,2549
2554,510521,4,四川省,泸州市,泸县,2549
2555,510522,4,四川省,泸州市,合江县,2549
2556,510524,4,四川省,泸州市,叙永县,2549
2557,510525,4,四川省,泸州市,古蔺县,2549
2559,510601,4,四川省,德阳市,市辖区,2558
2560,510603,4,四川省,德阳市,旌阳区,2558
2561,510604,4,四川省,德阳市,罗江区,2558
2562,510623,4,四川省,德阳市,中江县,2558
2563,510681,4,四川省,德阳市,广汉市,2558
2564,510682,4,四川省,德阳市,什邡市,2558
2565,510683,4,四川省,德阳市,绵竹市,2558
2567,510701,4,四川省,绵阳市,市辖区,2566
2568,510703,4,四川省,绵阳市,涪城区,2566
2569,510704,4,四川省,绵阳市,游仙区,2566
2570,510705,4,四川省,绵阳市,安州区,2566
2571,510722,4,四川省,绵阳市,三台县,2566
2572,510723,4,四川省,绵阳市,盐亭县,2566
2573,510725,4,四川省,绵阳市,梓潼县,2566
2574,510726,4,四川省,绵阳市,北川羌族自治县,2566
2575,510727,4,四川省,绵阳市,平武县,2566
2576,510781,4,四川省,绵阳市,江油市,2566
2578,510801,4,四川省,广元市,市辖区,2577
2579,510802,4,四川省,广元市,利州区,2577
2580,510811,4,四川省,广元市,昭化区,2577
2581,510812,4,四川省,广元市,朝天区,2577
2582,510821,4,四川省,广元市,旺苍县,2577
2583,510822,4,四川省,广元市,青川县,2577
2584,510823,4,四川省,广元市,剑阁县,2577
2585,510824,4,四川省,广元市,苍溪县,2577
2587,510901,4,四川省,遂宁市,市辖区,2586
2588,510903,4,四川省,遂宁市,船山区,2586
2589,510904,4,四川省,遂宁市,安居区,2586
2590,510921,4,四川省,遂宁市,蓬溪县,2586
2591,510923,4,四川省,遂宁市,大英县,2586
2592,510981,4,四川省,遂宁市,射洪市,2586
2594,511001,4,四川省,内江市,市辖区,2593
2595,511002,4,四川省,内江市,市中区,2593
2596,511011,4,四川省,内江市,东兴区,2593
2597,511024,4,四川省,内江市,威远县,2593
2598,511025,4,四川省,内江市,资中县,2593
2599,511083,4,四川省,内江市,隆昌市,2593
2601,511101,4,四川省,乐山市,市辖区,2600
2602,511102,4,四川省,乐山市,市中区,2600
2603,511111,4,四川省,乐山市,沙湾区,2600
2604,511112,4,四川省,乐山市,五通桥区,2600
2605,511113,4,四川省,乐山市,金口河区,2600
2606,511123,4,四川省,乐山市,犍为县,2600
2607,511124,4,四川省,乐山市,井研县,2600
2608,511126,4,四川省,乐山市,夹江县,2600
2609,511129,4,四川省,乐山市,沐川县,2600
2610,511132,4,四川省,乐山市,峨边彝族自治县,2600
2611,511133,4,四川省,乐山市,马边彝族自治县,2600
2612,511181,4,四川省,乐山市,峨眉山市,2600
2614,511301,4,四川省,南充市,市辖区,2613
2615,511302,4,四川省,南充市,顺庆区,2613
2616,511303,4,四川省,南充市,高坪区,2613
2617,511304,4,四川省,南充市,嘉陵区,2613
2618,511321,4,四川省,南充市,南部县,2613
2619,511322,4,四川省,南充市,营山县,2613
2620,511323,4,四川省,南充市,蓬安县,2613
2621,511324,4,四川省,南充市,仪陇县,2613
2622,511325,4,四川省,南充市,西充县,2613
2623,511381,4,四川省,南充市,阆中市,2613
2625,511401,4,四川省,眉山市,市辖区,2624
2626,511402,4,四川省,眉山市,东坡区,2624
2627,511403,4,四川省,眉山市,彭山区,2624
2628,511421,4,四川省,眉山市,仁寿县,2624
2629,511423,4,四川省,眉山市,洪雅县,2624
2630,511424,4,四川省,眉山市,丹棱县,2624
2631,511425,4,四川省,眉山市,青神县,2624
2633,511501,4,四川省,宜宾市,市辖区,2632
2634,511502,4,四川省,宜宾市,翠屏区,2632
2635,511503,4,四川省,宜宾市,南溪区,2632
2636,511504,4,四川省,宜宾市,叙州区,2632
2637,511523,4,四川省,宜宾市,江安县,2632
2638,511524,4,四川省,宜宾市,长宁县,2632
2639,511525,4,四川省,宜宾市,高县,2632
2640,511526,4,四川省,宜宾市,珙县,2632
2641,511527,4,四川省,宜宾市,筠连县,2632
2642,511528,4,四川省,宜宾市,兴文县,2632
2643,511529,4,四川省,宜宾市,屏山县,2632
2645,511601,4,四川省,广安市,市辖区,2644
2646,511602,4,四川省,广安市,广安区,2644
2647,511603,4,四川省,广安市,前锋区,2644
2648,511621,4,四川省,广安市,岳池县,2644
2649,511622,4,四川省,广安市,武胜县,2644
2650,511623,4,四川省,广安市,邻水县,2644
2651,511681,4,四川省,广安市,华蓥市,2644
2653,511701,4,四川省,达州市,市辖区,2652
2654,511702,4,四川省,达州市,通川区,2652
2655,511703,4,四川省,达州市,达川区,2652
2656,511722,4,四川省,达州市,宣汉县,2652
2657,511723,4,四川省,达州市,开江县,2652
2658,511724,4,四川省,达州市,大竹县,2652
2659,511725,4,四川省,达州市,渠县,2652
2660,511781,4,四川省,达州市,万源市,2652
2662,511801,4,四川省,雅安市,市辖区,2661
2663,511802,4,四川省,雅安市,雨城区,2661
2664,511803,4,四川省,雅安市,名山区,2661
2665,511822,4,四川省,雅安市,荥经县,2661
2666,511823,4,四川省,雅安市,汉源县,2661
2667,511824,4,四川省,雅安市,石棉县,2661
2668,511825,4,四川省,雅安市,天全县,2661
2669,511826,4,四川省,雅安市,芦山县,2661
2670,511827,4,四川省,雅安市,宝兴县,2661
2672,511901,4,四川省,巴中市,市辖区,2671
2673,511902,4,四川省,巴中市,巴州区,2671
2674,511903,4,四川省,巴中市,恩阳区,2671
2675,511921,4,四川省,巴中市,通江县,2671
2676,511922,4,四川省,巴中市,南江县,2671
2677,511923,4,四川省,巴中市,平昌县,2671
2679,512001,4,四川省,资阳市,市辖区,2678
2680,512002,4,四川省,资阳市,雁江区,2678
2681,512021,4,四川省,资阳市,安岳县,2678
2682,512022,4,四川省,资阳市,乐至县,2678
2684,513201,4,四川省,阿坝藏族羌族自治州,马尔康市,2683
2685,513221,4,四川省,阿坝藏族羌族自治州,汶川县,2683
2686,513222,4,四川省,阿坝藏族羌族自治州,理县,2683
2687,513223,4,四川省,阿坝藏族羌族自治州,茂县,2683
2688,513224,4,四川省,阿坝藏族羌族自治州,松潘县,2683
2689,513225,4,四川省,阿坝藏族羌族自治州,九寨沟县,2683
2690,513226,4,四川省,阿坝藏族羌族自治州,金川县,2683
2691,513227,4,四川省,阿坝藏族羌族自治州,小金县,2683
2692,513228,4,四川省,阿坝藏族羌族自治州,黑水县,2683
2693,513230,4,四川省,阿坝藏族羌族自治州,壤塘县,2683
2694,513231,4,四川省,阿坝藏族羌族自治州,阿坝县,2683
2695,513232,4,四川省,阿坝藏族羌族自治州,若尔盖县,2683
2696,513233,4,四川省,阿坝藏族羌族自治州,红原县,2683
2698,513301,4,四川省,甘孜藏族自治州,康定市,2697
2699,513322,4,四川省,甘孜藏族自治州,泸定县,2697
2700,513323,4,四川省,甘孜藏族自治州,丹巴县,2697
2701,513324,4,四川省,甘孜藏族自治州,九龙县,2697
2702,513325,4,四川省,甘孜藏族自治州,雅江县,2697
2703,513326,4,四川省,甘孜藏族自治州,道孚县,2697
2704,513327,4,四川省,甘孜藏族自治州,炉霍县,2697
2705,513328,4,四川省,甘孜藏族自治州,甘孜县,2697
2706,513329,4,四川省,甘孜藏族自治州,新龙县,2697
2707,513330,4,四川省,甘孜藏族自治州,德格县,2697
2708,513331,4,四川省,甘孜藏族自治州,白玉县,2697
2709,513332,4,四川省,甘孜藏族自治州,石渠县,2697
2710,513333,4,四川省,甘孜藏族自治州,色达县,2697
2711,513334,4,四川省,甘孜藏族自治州,理塘县,2697
2712,513335,4,四川省,甘孜藏族自治州,巴塘县,2697
2713,513336,4,四川省,甘孜藏族自治州,乡城县,2697
2714,513337,4,四川省,甘孜藏族自治州,稻城县,2697
2715,513338,4,四川省,甘孜藏族自治州,得荣县,2697
2717,513401,4,四川省,凉山彝族自治州,西昌市,2716
2718,513422,4,四川省,凉山彝族自治州,木里藏族自治县,2716
2719,513423,4,四川省,凉山彝族自治州,盐源县,2716
2720,513424,4,四川省,凉山彝族自治州,德昌县,2716
2721,513425,4,四川省,凉山彝族自治州,会理县,2716
2722,513426,4,四川省,凉山彝族自治州,会东县,2716
2723,513427,4,四川省,凉山彝族自治州,宁南县,2716
2724,513428,4,四川省,凉山彝族自治州,普格县,2716
2725,513429,4,四川省,凉山彝族自治州,布拖县,2716
2726,513430,4,四川省,凉山彝族自治州,金阳县,2716
2727,513431,4,四川省,凉山彝族自治州,昭觉县,2716
2728,513432,4,四川省,凉山彝族自治州,喜德县,2716
2729,513433,4,四川省,凉山彝族自治州,冕宁县,2716
2730,513434,4,四川省,凉山彝族自治州,越西县,2716
2731,513435,4,四川省,凉山彝族自治州,甘洛县,2716
2732,513436,4,四川省,凉山彝族自治州,美姑县,2716
2733,513437,4,四川省,凉山彝族自治州,雷波县,2716
2736,520101,4,贵州省,贵阳市,市辖区,2735
2737,520102,4,贵州省,贵阳市,南明区,2735
2738,520103,4,贵州省,贵阳市,云岩区,2735
2739,520111,4,贵州省,贵阳市,花溪区,2735
2740,520112,4,贵州省,贵阳市,乌当区,2735
2741,520113,4,贵州省,贵阳市,白云区,2735
2742,520115,4,贵州省,贵阳市,观山湖区,2735
2743,520121,4,贵州省,贵阳市,开阳县,2735
2744,520122,4,贵州省,贵阳市,息烽县,2735
2745,520123,4,贵州省,贵阳市,修文县,2735
2746,520181,4,贵州省,贵阳市,清镇市,2735
2748,520201,4,贵州省,六盘水市,钟山区,2747
2749,520203,4,贵州省,六盘水市,六枝特区,2747
2750,520221,4,贵州省,六盘水市,水城县,2747
2751,520281,4,贵州省,六盘水市,盘州市,2747
2753,520301,4,贵州省,遵义市,市辖区,2752
2754,520302,4,贵州省,遵义市,红花岗区,2752
2755,520303,4,贵州省,遵义市,汇川区,2752
2756,520304,4,贵州省,遵义市,播州区,2752
2757,520322,4,贵州省,遵义市,桐梓县,2752
2758,520323,4,贵州省,遵义市,绥阳县,2752
2759,520324,4,贵州省,遵义市,正安县,2752
2760,520325,4,贵州省,遵义市,道真仡佬族苗族自治县,2752
2761,520326,4,贵州省,遵义市,务川仡佬族苗族自治县,2752
2762,520327,4,贵州省,遵义市,凤冈县,2752
2763,520328,4,贵州省,遵义市,湄潭县,2752
2764,520329,4,贵州省,遵义市,余庆县,2752
2765,520330,4,贵州省,遵义市,习水县,2752
2766,520381,4,贵州省,遵义市,赤水市,2752
2767,520382,4,贵州省,遵义市,仁怀市,2752
2769,520401,4,贵州省,安顺市,市辖区,2768
2770,520402,4,贵州省,安顺市,西秀区,2768
2771,520403,4,贵州省,安顺市,平坝区,2768
2772,520422,4,贵州省,安顺市,普定县,2768
2773,520423,4,贵州省,安顺市,镇宁布依族苗族自治县,2768
2774,520424,4,贵州省,安顺市,关岭布依族苗族自治县,2768
2775,520425,4,贵州省,安顺市,紫云苗族布依族自治县,2768
2777,520501,4,贵州省,毕节市,市辖区,2776
2778,520502,4,贵州省,毕节市,七星关区,2776
2779,520521,4,贵州省,毕节市,大方县,2776
2780,520522,4,贵州省,毕节市,黔西县,2776
2781,520523,4,贵州省,毕节市,金沙县,2776
2782,520524,4,贵州省,毕节市,织金县,2776
2783,520525,4,贵州省,毕节市,纳雍县,2776
2784,520526,4,贵州省,毕节市,威宁彝族回族苗族自治县,2776
2785,520527,4,贵州省,毕节市,赫章县,2776
2787,520601,4,贵州省,铜仁市,市辖区,2786
2788,520602,4,贵州省,铜仁市,碧江区,2786
2789,520603,4,贵州省,铜仁市,万山区,2786
2790,520621,4,贵州省,铜仁市,江口县,2786
2791,520622,4,贵州省,铜仁市,玉屏侗族自治县,2786
2792,520623,4,贵州省,铜仁市,石阡县,2786
2793,520624,4,贵州省,铜仁市,思南县,2786
2794,520625,4,贵州省,铜仁市,印江土家族苗族自治县,2786
2795,520626,4,贵州省,铜仁市,德江县,2786
2796,520627,4,贵州省,铜仁市,沿河土家族自治县,2786
2797,520628,4,贵州省,铜仁市,松桃苗族自治县,2786
2799,522301,4,贵州省,黔西南布依族苗族自治州,兴义市,2798
2800,522302,4,贵州省,黔西南布依族苗族自治州,兴仁市,2798
2801,522323,4,贵州省,黔西南布依族苗族自治州,普安县,2798
2802,522324,4,贵州省,黔西南布依族苗族自治州,晴隆县,2798
2803,522325,4,贵州省,黔西南布依族苗族自治州,贞丰县,2798
2804,522326,4,贵州省,黔西南布依族苗族自治州,望谟县,2798
2805,522327,4,贵州省,黔西南布依族苗族自治州,册亨县,2798
2806,522328,4,贵州省,黔西南布依族苗族自治州,安龙县,2798
2808,522601,4,贵州省,黔东南苗族侗族自治州,凯里市,2807
2809,522622,4,贵州省,黔东南苗族侗族自治州,黄平县,2807
2810,522623,4,贵州省,黔东南苗族侗族自治州,施秉县,2807
2811,522624,4,贵州省,黔东南苗族侗族自治州,三穗县,2807
2812,522625,4,贵州省,黔东南苗族侗族自治州,镇远县,2807
2813,522626,4,贵州省,黔东南苗族侗族自治州,岑巩县,2807
2814,522627,4,贵州省,黔东南苗族侗族自治州,天柱县,2807
2815,522628,4,贵州省,黔东南苗族侗族自治州,锦屏县,2807
2816,522629,4,贵州省,黔东南苗族侗族自治州,剑河县,2807
2817,522630,4,贵州省,黔东南苗族侗族自治州,台江县,2807
2818,522631,4,贵州省,黔东南苗族侗族自治州,黎平县,2807
2819,522632,4,贵州省,黔东南苗族侗族自治州,榕江县,2807
2820,522633,4,贵州省,黔东南苗族侗族自治州,从江县,2807
2821,522634,4,贵州省,黔东南苗族侗族自治州,雷山县,2807
2822,522635,4,贵州省,黔东南苗族侗族自治州,麻江县,2807
2823,522636,4,贵州省,黔东南苗族侗族自治州,丹寨县,2807
2825,522701,4,贵州省,黔南布依族苗族自治州,都匀市,2824
2826,522702,4,贵州省,黔南布依族苗族自治州,福泉市,2824
2827,522722,4,贵州省,黔南布依族苗族自治州,荔波县,2824
2828,522723,4,贵州省,黔南布依族苗族自治州,贵定县,2824
2829,522725,4,贵州省,黔南布依族苗族自治州,瓮安县,2824
2830,522726,4,贵州省,黔南布依族苗族自治州,独山县,2824
2831,522727,4,贵州省,黔南布依族苗族自治州,平塘县,2824
2832,522728,4,贵州省,黔南布依族苗族自治州,罗甸县,2824
2833,522729,4,贵州省,黔南布依族苗族自治州,长顺县,2824
2834,522730,4,贵州省,黔南布依族苗族自治州,龙里县,2824
2835,522731,4,贵州省,黔南布依族苗族自治州,惠水县,2824
2836,522732,4,贵州省,黔南布依族苗族自治州,三都水族自治县,2824
2839,530101,4,云南省,昆明市,市辖区,2838
2840,530102,4,云南省,昆明市,五华区,2838
2841,530103,4,云南省,昆明市,盘龙区,2838
2842,530111,4,云南省,昆明市,官渡区,2838
2843,530112,4,云南省,昆明市,西山区,2838
2844,530113,4,云南省,昆明市,东川区,2838
2845,530114,4,云南省,昆明市,呈贡区,2838
2846,530115,4,云南省,昆明市,晋宁区,2838
2847,530124,4,云南省,昆明市,富民县,2838
2848,530125,4,云南省,昆明市,宜良县,2838
2849,530126,4,云南省,昆明市,石林彝族自治县,2838
2850,530127,4,云南省,昆明市,嵩明县,2838
2851,530128,4,云南省,昆明市,禄劝彝族苗族自治县,2838
2852,530129,4,云南省,昆明市,寻甸回族彝族自治县,2838
2853,530181,4,云南省,昆明市,安宁市,2838
2855,530301,4,云南省,曲靖市,市辖区,2854
2856,530302,4,云南省,曲靖市,麒麟区,2854
2857,530303,4,云南省,曲靖市,沾益区,2854
2858,530304,4,云南省,曲靖市,马龙区,2854
2859,530322,4,云南省,曲靖市,陆良县,2854
2860,530323,4,云南省,曲靖市,师宗县,2854
2861,530324,4,云南省,曲靖市,罗平县,2854
2862,530325,4,云南省,曲靖市,富源县,2854
2863,530326,4,云南省,曲靖市,会泽县,2854
2864,530381,4,云南省,曲靖市,宣威市,2854
2866,530401,4,云南省,玉溪市,市辖区,2865
2867,530402,4,云南省,玉溪市,红塔区,2865
2868,530403,4,云南省,玉溪市,江川区,2865
2869,530423,4,云南省,玉溪市,通海县,2865
2870,530424,4,云南省,玉溪市,华宁县,2865
2871,530425,4,云南省,玉溪市,易门县,2865
2872,530426,4,云南省,玉溪市,峨山彝族自治县,2865
2873,530427,4,云南省,玉溪市,新平彝族傣族自治县,2865
2874,530428,4,云南省,玉溪市,元江哈尼族彝族傣族自治县,2865
2875,530481,4,云南省,玉溪市,澄江市,2865
2877,530501,4,云南省,保山市,市辖区,2876
2878,530502,4,云南省,保山市,隆阳区,2876
2879,530521,4,云南省,保山市,施甸县,2876
2880,530523,4,云南省,保山市,龙陵县,2876
2881,530524,4,云南省,保山市,昌宁县,2876
2882,530581,4,云南省,保山市,腾冲市,2876
2884,530601,4,云南省,昭通市,市辖区,2883
2885,530602,4,云南省,昭通市,昭阳区,2883
2886,530621,4,云南省,昭通市,鲁甸县,2883
2887,530622,4,云南省,昭通市,巧家县,2883
2888,530623,4,云南省,昭通市,盐津县,2883
2889,530624,4,云南省,昭通市,大关县,2883
2890,530625,4,云南省,昭通市,永善县,2883
2891,530626,4,云南省,昭通市,绥江县,2883
2892,530627,4,云南省,昭通市,镇雄县,2883
2893,530628,4,云南省,昭通市,彝良县,2883
2894,530629,4,云南省,昭通市,威信县,2883
2895,530681,4,云南省,昭通市,水富市,2883
2897,530701,4,云南省,丽江市,市辖区,2896
2898,530702,4,云南省,丽江市,古城区,2896
2899,530721,4,云南省,丽江市,玉龙纳西族自治县,2896
2900,530722,4,云南省,丽江市,永胜县,2896
2901,530723,4,云南省,丽江市,华坪县,2896
2902,530724,4,云南省,丽江市,宁蒗彝族自治县,2896
2904,530801,4,云南省,普洱市,市辖区,2903
2905,530802,4,云南省,普洱市,思茅区,2903
2906,530821,4,云南省,普洱市,宁洱哈尼族彝族自治县,2903
2907,530822,4,云南省,普洱市,墨江哈尼族自治县,2903
2908,530823,4,云南省,普洱市,景东彝族自治县,2903
2909,530824,4,云南省,普洱市,景谷傣族彝族自治县,2903
2910,530825,4,云南省,普洱市,镇沅彝族哈尼族拉祜族自治县,2903
2911,530826,4,云南省,普洱市,江城哈尼族彝族自治县,2903
2912,530827,4,云南省,普洱市,孟连傣族拉祜族佤族自治县,2903
2913,530828,4,云南省,普洱市,澜沧拉祜族自治县,2903
2914,530829,4,云南省,普洱市,西盟佤族自治县,2903
2916,530901,4,云南省,临沧市,市辖区,2915
2917,530902,4,云南省,临沧市,临翔区,2915
2918,530921,4,云南省,临沧市,凤庆县,2915
2919,530922,4,云南省,临沧市,云县,2915
2920,530923,4,云南省,临沧市,永德县,2915
2921,530924,4,云南省,临沧市,镇康县,2915
2922,530925,4,云南省,临沧市,双江拉祜族佤族布朗族傣族自治县,2915
2923,530926,4,云南省,临沧市,耿马傣族佤族自治县,2915
2924,530927,4,云南省,临沧市,沧源佤族自治县,2915
2926,532301,4,云南省,楚雄彝族自治州,楚雄市,2925
2927,532322,4,云南省,楚雄彝族自治州,双柏县,2925
2928,532323,4,云南省,楚雄彝族自治州,牟定县,2925
2929,532324,4,云南省,楚雄彝族自治州,南华县,2925
2930,532325,4,云南省,楚雄彝族自治州,姚安县,2925
2931,532326,4,云南省,楚雄彝族自治州,大姚县,2925
2932,532327,4,云南省,楚雄彝族自治州,永仁县,2925
2933,532328,4,云南省,楚雄彝族自治州,元谋县,2925
2934,532329,4,云南省,楚雄彝族自治州,武定县,2925
2935,532331,4,云南省,楚雄彝族自治州,禄丰县,2925
2937,532501,4,云南省,红河哈尼族彝族自治州,个旧市,2936
2938,532502,4,云南省,红河哈尼族彝族自治州,开远市,2936
2939,532503,4,云南省,红河哈尼族彝族自治州,蒙自市,2936
2940,532504,4,云南省,红河哈尼族彝族自治州,弥勒市,2936
2941,532523,4,云南省,红河哈尼族彝族自治州,屏边苗族自治县,2936
2942,532524,4,云南省,红河哈尼族彝族自治州,建水县,2936
2943,532525,4,云南省,红河哈尼族彝族自治州,石屏县,2936
2944,532527,4,云南省,红河哈尼族彝族自治州,泸西县,2936
2945,532528,4,云南省,红河哈尼族彝族自治州,元阳县,2936
2946,532529,4,云南省,红河哈尼族彝族自治州,红河县,2936
2947,532530,4,云南省,红河哈尼族彝族自治州,金平苗族瑶族傣族自治县,2936
2948,532531,4,云南省,红河哈尼族彝族自治州,绿春县,2936
2949,532532,4,云南省,红河哈尼族彝族自治州,河口瑶族自治县,2936
2951,532601,4,云南省,文山壮族苗族自治州,文山市,2950
2952,532622,4,云南省,文山壮族苗族自治州,砚山县,2950
2953,532623,4,云南省,文山壮族苗族自治州,西畴县,2950
2954,532624,4,云南省,文山壮族苗族自治州,麻栗坡县,2950
2955,532625,4,云南省,文山壮族苗族自治州,马关县,2950
2956,532626,4,云南省,文山壮族苗族自治州,丘北县,2950
2957,532627,4,云南省,文山壮族苗族自治州,广南县,2950
2958,532628,4,云南省,文山壮族苗族自治州,富宁县,2950
2960,532801,4,云南省,西双版纳傣族自治州,景洪市,2959
2961,532822,4,云南省,西双版纳傣族自治州,勐海县,2959
2962,532823,4,云南省,西双版纳傣族自治州,勐腊县,2959
2964,532901,4,云南省,大理白族自治州,大理市,2963
2965,532922,4,云南省,大理白族自治州,漾濞彝族自治县,2963
2966,532923,4,云南省,大理白族自治州,祥云县,2963
2967,532924,4,云南省,大理白族自治州,宾川县,2963
2968,532925,4,云南省,大理白族自治州,弥渡县,2963
2969,532926,4,云南省,大理白族自治州,南涧彝族自治县,2963
2970,532927,4,云南省,大理白族自治州,巍山彝族回族自治县,2963
2971,532928,4,云南省,大理白族自治州,永平县,2963
2972,532929,4,云南省,大理白族自治州,云龙县,2963
2973,532930,4,云南省,大理白族自治州,洱源县,2963
2974,532931,4,云南省,大理白族自治州,剑川县,2963
2975,532932,4,云南省,大理白族自治州,鹤庆县,2963
2977,533102,4,云南省,德宏傣族景颇族自治州,瑞丽市,2976
2978,533103,4,云南省,德宏傣族景颇族自治州,芒市,2976
2979,533122,4,云南省,德宏傣族景颇族自治州,梁河县,2976
2980,533123,4,云南省,德宏傣族景颇族自治州,盈江县,2976
2981,533124,4,云南省,德宏傣族景颇族自治州,陇川县,2976
2983,533301,4,云南省,怒江傈僳族自治州,泸水市,2982
2984,533323,4,云南省,怒江傈僳族自治州,福贡县,2982
2985,533324,4,云南省,怒江傈僳族自治州,贡山独龙族怒族自治县,2982
2986,533325,4,云南省,怒江傈僳族自治州,兰坪白族普米族自治县,2982
2988,533401,4,云南省,迪庆藏族自治州,香格里拉市,2987
2989,533422,4,云南省,迪庆藏族自治州,德钦县,2987
2990,533423,4,云南省,迪庆藏族自治州,维西傈僳族自治县,2987
2993,540101,4,西藏自治区,拉萨市,市辖区,2992
2994,540102,4,西藏自治区,拉萨市,城关区,2992
2995,540103,4,西藏自治区,拉萨市,堆龙德庆区,2992
2996,540104,4,西藏自治区,拉萨市,达孜区,2992
2997,540121,4,西藏自治区,拉萨市,林周县,2992
2998,540122,4,西藏自治区,拉萨市,当雄县,2992
2999,540123,4,西藏自治区,拉萨市,尼木县,2992
3000,540124,4,西藏自治区,拉萨市,曲水县,2992
3001,540127,4,西藏自治区,拉萨市,墨竹工卡县,2992
3003,540202,4,西藏自治区,日喀则市,桑珠孜区,3002
3004,540221,4,西藏自治区,日喀则市,南木林县,3002
3005,540222,4,西藏自治区,日喀则市,江孜县,3002
3006,540223,4,西藏自治区,日喀则市,定日县,3002
3007,540224,4,西藏自治区,日喀则市,萨迦县,3002
3008,540225,4,西藏自治区,日喀则市,拉孜县,3002
3009,540226,4,西藏自治区,日喀则市,昂仁县,3002
3010,540227,4,西藏自治区,日喀则市,谢通门县,3002
3011,540228,4,西藏自治区,日喀则市,白朗县,3002
3012,540229,4,西藏自治区,日喀则市,仁布县,3002
3013,540230,4,西藏自治区,日喀则市,康马县,3002
3014,540231,4,西藏自治区,日喀则市,定结县,3002
3015,540232,4,西藏自治区,日喀则市,仲巴县,3002
3016,540233,4,西藏自治区,日喀则市,亚东县,3002
3017,540234,4,西藏自治区,日喀则市,吉隆县,3002
3018,540235,4,西藏自治区,日喀则市,聂拉木县,3002
3019,540236,4,西藏自治区,日喀则市,萨嘎县,3002
3020,540237,4,西藏自治区,日喀则市,岗巴县,3002
3022,540302,4,西藏自治区,昌都市,卡若区,3021
3023,540321,4,西藏自治区,昌都市,江达县,3021
3024,540322,4,西藏自治区,昌都市,贡觉县,3021
3025,540323,4,西藏自治区,昌都市,类乌齐县,3021
3026,540324,4,西藏自治区,昌都市,丁青县,3021
3027,540325,4,西藏自治区,昌都市,察雅县,3021
3028,540326,4,西藏自治区,昌都市,八宿县,3021
3029,540327,4,西藏自治区,昌都市,左贡县,3021
3030,540328,4,西藏自治区,昌都市,芒康县,3021
3031,540329,4,西藏自治区,昌都市,洛隆县,3021
3032,540330,4,西藏自治区,昌都市,边坝县,3021
3034,540402,4,西藏自治区,林芝市,巴宜区,3033
3035,540421,4,西藏自治区,林芝市,工布江达县,3033
3036,540422,4,西藏自治区,林芝市,米林县,3033
3037,540423,4,西藏自治区,林芝市,墨脱县,3033
3038,540424,4,西藏自治区,林芝市,波密县,3033
3039,540425,4,西藏自治区,林芝市,察隅县,3033
3040,540426,4,西藏自治区,林芝市,朗县,3033
3042,540501,4,西藏自治区,山南市,市辖区,3041
3043,540502,4,西藏自治区,山南市,乃东区,3041
3044,540521,4,西藏自治区,山南市,扎囊县,3041
3045,540522,4,西藏自治区,山南市,贡嘎县,3041
3046,540523,4,西藏自治区,山南市,桑日县,3041
3047,540524,4,西藏自治区,山南市,琼结县,3041
3048,540525,4,西藏自治区,山南市,曲松县,3041
3049,540526,4,西藏自治区,山南市,措美县,3041
3050,540527,4,西藏自治区,山南市,洛扎县,3041
3051,540528,4,西藏自治区,山南市,加查县,3041
3052,540529,4,西藏自治区,山南市,隆子县,3041
3053,540530,4,西藏自治区,山南市,错那县,3041
3054,540531,4,西藏自治区,山南市,浪卡子县,3041
3056,540602,4,西藏自治区,那曲市,色尼区,3055
3057,540621,4,西藏自治区,那曲市,嘉黎县,3055
3058,540622,4,西藏自治区,那曲市,比如县,3055
3059,540623,4,西藏自治区,那曲市,聂荣县,3055
3060,540624,4,西藏自治区,那曲市,安多县,3055
3061,540625,4,西藏自治区,那曲市,申扎县,3055
3063,540627,4,西藏自治区,那曲市,班戈县,3055
3064,540628,4,西藏自治区,那曲市,巴青县,3055
3065,540629,4,西藏自治区,那曲市,尼玛县,3055
3066,540630,4,西藏自治区,那曲市,双湖县,3055
3068,542521,4,西藏自治区,阿里地区,普兰县,3067
3069,542522,4,西藏自治区,阿里地区,札达县,3067
3070,542523,4,西藏自治区,阿里地区,噶尔县,3067
3071,542524,4,西藏自治区,阿里地区,日土县,3067
3072,542525,4,西藏自治区,阿里地区,革吉县,3067
3073,542526,4,西藏自治区,阿里地区,改则县,3067
3074,542527,4,西藏自治区,阿里地区,措勤县,3067
3077,610101,4,陕西省,西安市,市辖区,3076
3078,610102,4,陕西省,西安市,新城区,3076
3079,610103,4,陕西省,西安市,碑林区,3076
3080,610104,4,陕西省,西安市,莲湖区,3076
3081,610111,4,陕西省,西安市,灞桥区,3076
3082,610112,4,陕西省,西安市,未央区,3076
3083,610113,4,陕西省,西安市,雁塔区,3076
3084,610114,4,陕西省,西安市,阎良区,3076
3085,610115,4,陕西省,西安市,临潼区,3076
3086,610116,4,陕西省,西安市,长安区,3076
3087,610117,4,陕西省,西安市,高陵区,3076
3088,610118,4,陕西省,西安市,鄠邑区,3076
3089,610122,4,陕西省,西安市,蓝田县,3076
3090,610124,4,陕西省,西安市,周至县,3076
3092,610201,4,陕西省,铜川市,市辖区,3091
3093,610202,4,陕西省,铜川市,王益区,3091
3094,610203,4,陕西省,铜川市,印台区,3091
3095,610204,4,陕西省,铜川市,耀州区,3091
3096,610222,4,陕西省,铜川市,宜君县,3091
3098,610301,4,陕西省,宝鸡市,市辖区,3097
3099,610302,4,陕西省,宝鸡市,渭滨区,3097
3100,610303,4,陕西省,宝鸡市,金台区,3097
3101,610304,4,陕西省,宝鸡市,陈仓区,3097
3102,610322,4,陕西省,宝鸡市,凤翔县,3097
3103,610323,4,陕西省,宝鸡市,岐山县,3097
3104,610324,4,陕西省,宝鸡市,扶风县,3097
3105,610326,4,陕西省,宝鸡市,眉县,3097
3106,610327,4,陕西省,宝鸡市,陇县,3097
3107,610328,4,陕西省,宝鸡市,千阳县,3097
3108,610329,4,陕西省,宝鸡市,麟游县,3097
3109,610330,4,陕西省,宝鸡市,凤县,3097
3110,610331,4,陕西省,宝鸡市,太白县,3097
3112,610401,4,陕西省,咸阳市,市辖区,3111
3113,610402,4,陕西省,咸阳市,秦都区,3111
3114,610403,4,陕西省,咸阳市,杨陵区,3111
3115,610404,4,陕西省,咸阳市,渭城区,3111
3116,610422,4,陕西省,咸阳市,三原县,3111
3117,610423,4,陕西省,咸阳市,泾阳县,3111
3119,610425,4,陕西省,咸阳市,礼泉县,3111
3120,610426,4,陕西省,咸阳市,永寿县,3111
3121,610428,4,陕西省,咸阳市,长武县,3111
3122,610429,4,陕西省,咸阳市,旬邑县,3111
3123,610430,4,陕西省,咸阳市,淳化县,3111
3124,610431,4,陕西省,咸阳市,武功县,3111
3125,610481,4,陕西省,咸阳市,兴平市,3111
3126,610482,4,陕西省,咸阳市,彬州市,3111
3128,610501,4,陕西省,渭南市,市辖区,3127
3129,610502,4,陕西省,渭南市,临渭区,3127
3130,610503,4,陕西省,渭南市,华州区,3127
3131,610522,4,陕西省,渭南市,潼关县,3127
3132,610523,4,陕西省,渭南市,大荔县,3127
3133,610524,4,陕西省,渭南市,合阳县,3127
3134,610525,4,陕西省,渭南市,澄城县,3127
3135,610526,4,陕西省,渭南市,蒲城县,3127
3136,610527,4,陕西省,渭南市,白水县,3127
3137,610528,4,陕西省,渭南市,富平县,3127
3138,610581,4,陕西省,渭南市,韩城市,3127
3139,610582,4,陕西省,渭南市,华阴市,3127
3141,610601,4,陕西省,延安市,市辖区,3140
3142,610602,4,陕西省,延安市,宝塔区,3140
3143,610603,4,陕西省,延安市,安塞区,3140
3144,610621,4,陕西省,延安市,延长县,3140
3145,610622,4,陕西省,延安市,延川县,3140
3146,610625,4,陕西省,延安市,志丹县,3140
3147,610626,4,陕西省,延安市,吴起县,3140
3148,610627,4,陕西省,延安市,甘泉县,3140
3150,610629,4,陕西省,延安市,洛川县,3140
3151,610630,4,陕西省,延安市,宜川县,3140
3152,610631,4,陕西省,延安市,黄龙县,3140
3153,610632,4,陕西省,延安市,黄陵县,3140
3154,610681,4,陕西省,延安市,子长市,3140
3156,610701,4,陕西省,汉中市,市辖区,3155
3157,610702,4,陕西省,汉中市,汉台区,3155
3158,610703,4,陕西省,汉中市,南郑区,3155
3159,610722,4,陕西省,汉中市,城固县,3155
3161,610724,4,陕西省,汉中市,西乡县,3155
3163,610726,4,陕西省,汉中市,宁强县,3155
3164,610727,4,陕西省,汉中市,略阳县,3155
3165,610728,4,陕西省,汉中市,镇巴县,3155
3166,610729,4,陕西省,汉中市,留坝县,3155
3167,610730,4,陕西省,汉中市,佛坪县,3155
3169,610801,4,陕西省,榆林市,市辖区,3168
3170,610802,4,陕西省,榆林市,榆阳区,3168
3171,610803,4,陕西省,榆林市,横山区,3168
3172,610822,4,陕西省,榆林市,府谷县,3168
3173,610824,4,陕西省,榆林市,靖边县,3168
3174,610825,4,陕西省,榆林市,定边县,3168
3175,610826,4,陕西省,榆林市,绥德县,3168
3176,610827,4,陕西省,榆林市,米脂县,3168
3178,610829,4,陕西省,榆林市,吴堡县,3168
3179,610830,4,陕西省,榆林市,清涧县,3168
3180,610831,4,陕西省,榆林市,子洲县,3168
3181,610881,4,陕西省,榆林市,神木市,3168
3183,610901,4,陕西省,安康市,市辖区,3182
3184,610902,4,陕西省,安康市,汉滨区,3182
3185,610921,4,陕西省,安康市,汉阴县,3182
3186,610922,4,陕西省,安康市,石泉县,3182
3187,610923,4,陕西省,安康市,宁陕县,3182
3188,610924,4,陕西省,安康市,紫阳县,3182
3189,610925,4,陕西省,安康市,岚皋县,3182
3190,610926,4,陕西省,安康市,平利县,3182
3191,610927,4,陕西省,安康市,镇坪县,3182
3192,610928,4,陕西省,安康市,旬阳县,3182
3193,610929,4,陕西省,安康市,白河县,3182
3195,611001,4,陕西省,商洛市,市辖区,3194
3196,611002,4,陕西省,商洛市,商州区,3194
3197,611021,4,陕西省,商洛市,洛南县,3194
3198,611022,4,陕西省,商洛市,丹凤县,3194
3199,611023,4,陕西省,商洛市,商南县,3194
3200,611024,4,陕西省,商洛市,山阳县,3194
3201,611025,4,陕西省,商洛市,镇安县,3194
3202,611026,4,陕西省,商洛市,柞水县,3194
3205,620101,4,甘肃省,兰州市,市辖区,3204
3206,620102,4,甘肃省,兰州市,城关区,3204
3207,620103,4,甘肃省,兰州市,七里河区,3204
3208,620104,4,甘肃省,兰州市,西固区,3204
3209,620105,4,甘肃省,兰州市,安宁区,3204
3210,620111,4,甘肃省,兰州市,红古区,3204
3211,620121,4,甘肃省,兰州市,永登县,3204
3212,620122,4,甘肃省,兰州市,皋兰县,3204
3213,620123,4,甘肃省,兰州市,榆中县,3204
3217,620301,4,甘肃省,金昌市,市辖区,3216
3218,620302,4,甘肃省,金昌市,金川区,3216
3219,620321,4,甘肃省,金昌市,永昌县,3216
3221,620401,4,甘肃省,白银市,市辖区,3220
3222,620402,4,甘肃省,白银市,白银区,3220
3223,620403,4,甘肃省,白银市,平川区,3220
3224,620421,4,甘肃省,白银市,靖远县,3220
3225,620422,4,甘肃省,白银市,会宁县,3220
3226,620423,4,甘肃省,白银市,景泰县,3220
3228,620501,4,甘肃省,天水市,市辖区,3227
3229,620502,4,甘肃省,天水市,秦州区,3227
3230,620503,4,甘肃省,天水市,麦积区,3227
3231,620521,4,甘肃省,天水市,清水县,3227
3232,620522,4,甘肃省,天水市,秦安县,3227
3233,620523,4,甘肃省,天水市,甘谷县,3227
3234,620524,4,甘肃省,天水市,武山县,3227
3235,620525,4,甘肃省,天水市,张家川回族自治县,3227
3237,620601,4,甘肃省,武威市,市辖区,3236
3238,620602,4,甘肃省,武威市,凉州区,3236
3239,620621,4,甘肃省,武威市,民勤县,3236
3240,620622,4,甘肃省,武威市,古浪县,3236
3241,620623,4,甘肃省,武威市,天祝藏族自治县,3236
3243,620701,4,甘肃省,张掖市,市辖区,3242
3244,620702,4,甘肃省,张掖市,甘州区,3242
3245,620721,4,甘肃省,张掖市,肃南裕固族自治县,3242
3246,620722,4,甘肃省,张掖市,民乐县,3242
3247,620723,4,甘肃省,张掖市,临泽县,3242
3248,620724,4,甘肃省,张掖市,高台县,3242
3249,620725,4,甘肃省,张掖市,山丹县,3242
3251,620801,4,甘肃省,平凉市,市辖区,3250
3252,620802,4,甘肃省,平凉市,崆峒区,3250
3253,620821,4,甘肃省,平凉市,泾川县,3250
3254,620822,4,甘肃省,平凉市,灵台县,3250
3255,620823,4,甘肃省,平凉市,崇信县,3250
3256,620825,4,甘肃省,平凉市,庄浪县,3250
3257,620826,4,甘肃省,平凉市,静宁县,3250
3258,620881,4,甘肃省,平凉市,华亭市,3250
3260,620901,4,甘肃省,酒泉市,市辖区,3259
3261,620902,4,甘肃省,酒泉市,肃州区,3259
3262,620921,4,甘肃省,酒泉市,金塔县,3259
3263,620922,4,甘肃省,酒泉市,瓜州县,3259
3264,620923,4,甘肃省,酒泉市,肃北蒙古族自治县,3259
3265,620924,4,甘肃省,酒泉市,阿克塞哈萨克族自治县,3259
3266,620981,4,甘肃省,酒泉市,玉门市,3259
3267,620982,4,甘肃省,酒泉市,敦煌市,3259
3269,621001,4,甘肃省,庆阳市,市辖区,3268
3270,621002,4,甘肃省,庆阳市,西峰区,3268
3271,621021,4,甘肃省,庆阳市,庆城县,3268
3272,621022,4,甘肃省,庆阳市,环县,3268
3273,621023,4,甘肃省,庆阳市,华池县,3268
3274,621024,4,甘肃省,庆阳市,合水县,3268
3275,621025,4,甘肃省,庆阳市,正宁县,3268
3276,621026,4,甘肃省,庆阳市,宁县,3268
3277,621027,4,甘肃省,庆阳市,镇原县,3268
3279,621101,4,甘肃省,定西市,市辖区,3278
3280,621102,4,甘肃省,定西市,安定区,3278
3281,621121,4,甘肃省,定西市,通渭县,3278
3282,621122,4,甘肃省,定西市,陇西县,3278
3283,621123,4,甘肃省,定西市,渭源县,3278
3284,621124,4,甘肃省,定西市,临洮县,3278
3285,621125,4,甘肃省,定西市,漳县,3278
3286,621126,4,甘肃省,定西市,岷县,3278
3288,621201,4,甘肃省,陇南市,市辖区,3287
3289,621202,4,甘肃省,陇南市,武都区,3287
3290,621221,4,甘肃省,陇南市,成县,3287
3291,621222,4,甘肃省,陇南市,文县,3287
3292,621223,4,甘肃省,陇南市,宕昌县,3287
3293,621224,4,甘肃省,陇南市,康县,3287
3294,621225,4,甘肃省,陇南市,西和县,3287
3295,621226,4,甘肃省,陇南市,礼县,3287
3296,621227,4,甘肃省,陇南市,徽县,3287
3297,621228,4,甘肃省,陇南市,两当县,3287
3299,622901,4,甘肃省,临夏回族自治州,临夏市,3298
3300,622921,4,甘肃省,临夏回族自治州,临夏县,3298
3301,622922,4,甘肃省,临夏回族自治州,康乐县,3298
3302,622923,4,甘肃省,临夏回族自治州,永靖县,3298
3303,622924,4,甘肃省,临夏回族自治州,广河县,3298
3304,622925,4,甘肃省,临夏回族自治州,和政县,3298
3305,622926,4,甘肃省,临夏回族自治州,东乡族自治县,3298
3306,622927,4,甘肃省,临夏回族自治州,积石山保安族东乡族撒拉族自治县,3298
3308,623001,4,甘肃省,甘南藏族自治州,合作市,3307
3309,623021,4,甘肃省,甘南藏族自治州,临潭县,3307
3310,623022,4,甘肃省,甘南藏族自治州,卓尼县,3307
3311,623023,4,甘肃省,甘南藏族自治州,舟曲县,3307
3312,623024,4,甘肃省,甘南藏族自治州,迭部县,3307
3313,623025,4,甘肃省,甘南藏族自治州,玛曲县,3307
3314,623026,4,甘肃省,甘南藏族自治州,碌曲县,3307
3315,623027,4,甘肃省,甘南藏族自治州,夏河县,3307
3318,630101,4,青海省,西宁市,市辖区,3317
3319,630102,4,青海省,西宁市,城东区,3317
3320,630103,4,青海省,西宁市,城中区,3317
3321,630104,4,青海省,西宁市,城西区,3317
3322,630105,4,青海省,西宁市,城北区,3317
3323,630106,4,青海省,西宁市,湟中区,3317
3324,630121,4,青海省,西宁市,大通回族土族自治县,3317
3325,630123,4,青海省,西宁市,湟源县,3317
3327,630202,4,青海省,海东市,乐都区,3326
3328,630203,4,青海省,海东市,平安区,3326
3329,630222,4,青海省,海东市,民和回族土族自治县,3326
3330,630223,4,青海省,海东市,互助土族自治县,3326
3331,630224,4,青海省,海东市,化隆回族自治县,3326
3332,630225,4,青海省,海东市,循化撒拉族自治县,3326
3334,632221,4,青海省,海北藏族自治州,门源回族自治县,3333
3335,632222,4,青海省,海北藏族自治州,祁连县,3333
3336,632223,4,青海省,海北藏族自治州,海晏县,3333
3337,632224,4,青海省,海北藏族自治州,刚察县,3333
3339,632321,4,青海省,黄南藏族自治州,同仁县,3338
3340,632322,4,青海省,黄南藏族自治州,尖扎县,3338
3341,632323,4,青海省,黄南藏族自治州,泽库县,3338
3342,632324,4,青海省,黄南藏族自治州,河南蒙古族自治县,3338
3344,632521,4,青海省,海南藏族自治州,共和县,3343
3345,632522,4,青海省,海南藏族自治州,同德县,3343
3346,632523,4,青海省,海南藏族自治州,贵德县,3343
3347,632524,4,青海省,海南藏族自治州,兴海县,3343
3348,632525,4,青海省,海南藏族自治州,贵南县,3343
3350,632621,4,青海省,果洛藏族自治州,玛沁县,3349
3351,632622,4,青海省,果洛藏族自治州,班玛县,3349
3352,632623,4,青海省,果洛藏族自治州,甘德县,3349
3353,632624,4,青海省,果洛藏族自治州,达日县,3349
3354,632625,4,青海省,果洛藏族自治州,久治县,3349
3355,632626,4,青海省,果洛藏族自治州,玛多县,3349
3357,632701,4,青海省,玉树藏族自治州,玉树市,3356
3358,632722,4,青海省,玉树藏族自治州,杂多县,3356
3359,632723,4,青海省,玉树藏族自治州,称多县,3356
3360,632724,4,青海省,玉树藏族自治州,治多县,3356
3361,632725,4,青海省,玉树藏族自治州,囊谦县,3356
3362,632726,4,青海省,玉树藏族自治州,曲麻莱县,3356
3364,632801,4,青海省,海西蒙古族藏族自治州,格尔木市,3363
3365,632802,4,青海省,海西蒙古族藏族自治州,德令哈市,3363
3366,632803,4,青海省,海西蒙古族藏族自治州,茫崖市,3363
3367,632821,4,青海省,海西蒙古族藏族自治州,乌兰县,3363
3368,632822,4,青海省,海西蒙古族藏族自治州,都兰县,3363
3369,632823,4,青海省,海西蒙古族藏族自治州,天峻县,3363
3372,640101,4,宁夏回族自治区,银川市,市辖区,3371
3373,640104,4,宁夏回族自治区,银川市,兴庆区,3371
3374,640105,4,宁夏回族自治区,银川市,西夏区,3371
3375,640106,4,宁夏回族自治区,银川市,金凤区,3371
3376,640121,4,宁夏回族自治区,银川市,永宁县,3371
3377,640122,4,宁夏回族自治区,银川市,贺兰县,3371
3378,640181,4,宁夏回族自治区,银川市,灵武市,3371
3380,640201,4,宁夏回族自治区,石嘴山市,市辖区,3379
3381,640202,4,宁夏回族自治区,石嘴山市,大武口区,3379
3382,640205,4,宁夏回族自治区,石嘴山市,惠农区,3379
3383,640221,4,宁夏回族自治区,石嘴山市,平罗县,3379
3385,640301,4,宁夏回族自治区,吴忠市,市辖区,3384
3386,640302,4,宁夏回族自治区,吴忠市,利通区,3384
3387,640303,4,宁夏回族自治区,吴忠市,红寺堡区,3384
3388,640323,4,宁夏回族自治区,吴忠市,盐池县,3384
3389,640324,4,宁夏回族自治区,吴忠市,同心县,3384
3390,640381,4,宁夏回族自治区,吴忠市,青铜峡市,3384
3392,640401,4,宁夏回族自治区,固原市,市辖区,3391
3393,640402,4,宁夏回族自治区,固原市,原州区,3391
3394,640422,4,宁夏回族自治区,固原市,西吉县,3391
3395,640423,4,宁夏回族自治区,固原市,隆德县,3391
3396,640424,4,宁夏回族自治区,固原市,泾源县,3391
3397,640425,4,宁夏回族自治区,固原市,彭阳县,3391
3399,640501,4,宁夏回族自治区,中卫市,市辖区,3398
3400,640502,4,宁夏回族自治区,中卫市,沙坡头区,3398
3401,640521,4,宁夏回族自治区,中卫市,中宁县,3398
3402,640522,4,宁夏回族自治区,中卫市,海原县,3398
3405,650101,4,新疆维吾尔自治区,乌鲁木齐市,市辖区,3404
3406,650102,4,新疆维吾尔自治区,乌鲁木齐市,天山区,3404
3407,650103,4,新疆维吾尔自治区,乌鲁木齐市,沙依巴克区,3404
3408,650104,4,新疆维吾尔自治区,乌鲁木齐市,新市区,3404
3409,650105,4,新疆维吾尔自治区,乌鲁木齐市,水磨沟区,3404
3410,650106,4,新疆维吾尔自治区,乌鲁木齐市,头屯河区,3404
3411,650107,4,新疆维吾尔自治区,乌鲁木齐市,达坂城区,3404
3412,650109,4,新疆维吾尔自治区,乌鲁木齐市,米东区,3404
3413,650121,4,新疆维吾尔自治区,乌鲁木齐市,乌鲁木齐县,3404
3415,650201,4,新疆维吾尔自治区,克拉玛依市,市辖区,3414
3416,650202,4,新疆维吾尔自治区,克拉玛依市,独山子区,3414
3417,650203,4,新疆维吾尔自治区,克拉玛依市,克拉玛依区,3414
3418,650204,4,新疆维吾尔自治区,克拉玛依市,白碱滩区,3414
3419,650205,4,新疆维吾尔自治区,克拉玛依市,乌尔禾区,3414
3421,650402,4,新疆维吾尔自治区,吐鲁番市,高昌区,3420
3422,650421,4,新疆维吾尔自治区,吐鲁番市,鄯善县,3420
3423,650422,4,新疆维吾尔自治区,吐鲁番市,托克逊县,3420
3425,650502,4,新疆维吾尔自治区,哈密市,伊州区,3424
3426,650521,4,新疆维吾尔自治区,哈密市,巴里坤哈萨克自治县,3424
3427,650522,4,新疆维吾尔自治区,哈密市,伊吾县,3424
3429,652301,4,新疆维吾尔自治区,昌吉回族自治州,昌吉市,3428
3430,652302,4,新疆维吾尔自治区,昌吉回族自治州,阜康市,3428
3431,652323,4,新疆维吾尔自治区,昌吉回族自治州,呼图壁县,3428
3432,652324,4,新疆维吾尔自治区,昌吉回族自治州,玛纳斯县,3428
3433,652325,4,新疆维吾尔自治区,昌吉回族自治州,奇台县,3428
3434,652327,4,新疆维吾尔自治区,昌吉回族自治州,吉木萨尔县,3428
3435,652328,4,新疆维吾尔自治区,昌吉回族自治州,木垒哈萨克自治县,3428
3438,652702,4,新疆维吾尔自治区,博尔塔拉蒙古自治州,阿拉山口市,3436
3439,652722,4,新疆维吾尔自治区,博尔塔拉蒙古自治州,精河县,3436
3440,652723,4,新疆维吾尔自治区,博尔塔拉蒙古自治州,温泉县,3436
3442,652801,4,新疆维吾尔自治区,巴音郭楞蒙古自治州,库尔勒市,3441
3443,652822,4,新疆维吾尔自治区,巴音郭楞蒙古自治州,轮台县,3441
3444,652823,4,新疆维吾尔自治区,巴音郭楞蒙古自治州,尉犁县,3441
3445,652824,4,新疆维吾尔自治区,巴音郭楞蒙古自治州,若羌县,3441
3446,652825,4,新疆维吾尔自治区,巴音郭楞蒙古自治州,且末县,3441
3447,652826,4,新疆维吾尔自治区,巴音郭楞蒙古自治州,焉耆回族自治县,3441
3448,652827,4,新疆维吾尔自治区,巴音郭楞蒙古自治州,和静县,3441
3449,652828,4,新疆维吾尔自治区,巴音郭楞蒙古自治州,和硕县,3441
3450,652829,4,新疆维吾尔自治区,巴音郭楞蒙古自治州,博湖县,3441
3452,652901,4,新疆维吾尔自治区,阿克苏地区,阿克苏市,3451
3453,652902,4,新疆维吾尔自治区,阿克苏地区,库车市,3451
3454,652922,4,新疆维吾尔自治区,阿克苏地区,温宿县,3451
3455,652924,4,新疆维吾尔自治区,阿克苏地区,沙雅县,3451
3456,652925,4,新疆维吾尔自治区,阿克苏地区,新和县,3451
3457,652926,4,新疆维吾尔自治区,阿克苏地区,拜城县,3451
3458,652927,4,新疆维吾尔自治区,阿克苏地区,乌什县,3451
3459,652928,4,新疆维吾尔自治区,阿克苏地区,阿瓦提县,3451
3460,652929,4,新疆维吾尔自治区,阿克苏地区,柯坪县,3451
3462,653001,4,新疆维吾尔自治区,克孜勒苏柯尔克孜自治州,阿图什市,3461
3463,653022,4,新疆维吾尔自治区,克孜勒苏柯尔克孜自治州,阿克陶县,3461
3464,653023,4,新疆维吾尔自治区,克孜勒苏柯尔克孜自治州,阿合奇县,3461
3465,653024,4,新疆维吾尔自治区,克孜勒苏柯尔克孜自治州,乌恰县,3461
3467,653101,4,新疆维吾尔自治区,喀什地区,喀什市,3466
3468,653121,4,新疆维吾尔自治区,喀什地区,疏附县,3466
3469,653122,4,新疆维吾尔自治区,喀什地区,疏勒县,3466
3470,653123,4,新疆维吾尔自治区,喀什地区,英吉沙县,3466
3471,653124,4,新疆维吾尔自治区,喀什地区,泽普县,3466
3472,653125,4,新疆维吾尔自治区,喀什地区,莎车县,3466
3473,653126,4,新疆维吾尔自治区,喀什地区,叶城县,3466
3474,653127,4,新疆维吾尔自治区,喀什地区,麦盖提县,3466
3475,653128,4,新疆维吾尔自治区,喀什地区,岳普湖县,3466
3476,653129,4,新疆维吾尔自治区,喀什地区,伽师县,3466
3477,653130,4,新疆维吾尔自治区,喀什地区,巴楚县,3466
3478,653131,4,新疆维吾尔自治区,喀什地区,塔什库尔干塔吉克自治县,3466
3480,653201,4,新疆维吾尔自治区,和田地区,和田市,3479
3481,653221,4,新疆维吾尔自治区,和田地区,和田县,3479
3482,653222,4,新疆维吾尔自治区,和田地区,墨玉县,3479
3483,653223,4,新疆维吾尔自治区,和田地区,皮山县,3479
3484,653224,4,新疆维吾尔自治区,和田地区,洛浦县,3479
3485,653225,4,新疆维吾尔自治区,和田地区,策勒县,3479
3486,653226,4,新疆维吾尔自治区,和田地区,于田县,3479
3487,653227,4,新疆维吾尔自治区,和田地区,民丰县,3479
3489,654002,4,新疆维吾尔自治区,伊犁哈萨克自治州,伊宁市,3488
3490,654003,4,新疆维吾尔自治区,伊犁哈萨克自治州,奎屯市,3488
3491,654004,4,新疆维吾尔自治区,伊犁哈萨克自治州,霍尔果斯市,3488
3492,654021,4,新疆维吾尔自治区,伊犁哈萨克自治州,伊宁县,3488
3493,654022,4,新疆维吾尔自治区,伊犁哈萨克自治州,察布查尔锡伯自治县,3488
3494,654023,4,新疆维吾尔自治区,伊犁哈萨克自治州,霍城县,3488
3495,654024,4,新疆维吾尔自治区,伊犁哈萨克自治州,巩留县,3488
3496,654025,4,新疆维吾尔自治区,伊犁哈萨克自治州,新源县,3488
3497,654026,4,新疆维吾尔自治区,伊犁哈萨克自治州,昭苏县,3488
3498,654027,4,新疆维吾尔自治区,伊犁哈萨克自治州,特克斯县,3488
3499,654028,4,新疆维吾尔自治区,伊犁哈萨克自治州,尼勒克县,3488
3501,654201,4,新疆维吾尔自治区,塔城地区,塔城市,3500
3502,654202,4,新疆维吾尔自治区,塔城地区,乌苏市,3500
3503,654221,4,新疆维吾尔自治区,塔城地区,额敏县,3500
3504,654223,4,新疆维吾尔自治区,塔城地区,沙湾县,3500
3505,654224,4,新疆维吾尔自治区,塔城地区,托里县,3500
3506,654225,4,新疆维吾尔自治区,塔城地区,裕民县,3500
3507,654226,4,新疆维吾尔自治区,塔城地区,和布克赛尔蒙古自治县,3500
3509,654301,4,新疆维吾尔自治区,阿勒泰地区,阿勒泰市,3508
3510,654321,4,新疆维吾尔自治区,阿勒泰地区,布尔津县,3508
3511,654322,4,新疆维吾尔自治区,阿勒泰地区,富蕴县,3508
3512,654323,4,新疆维吾尔自治区,阿勒泰地区,福海县,3508
3513,654324,4,新疆维吾尔自治区,阿勒泰地区,哈巴河县,3508
3514,654325,4,新疆维吾尔自治区,阿勒泰地区,青河县,3508
3515,654326,4,新疆维吾尔自治区,阿勒泰地区,吉木乃县,3508
3516,659001,4,新疆维吾尔自治区,阿勒泰地区,石河子市,3508
3517,659002,4,新疆维吾尔自治区,阿勒泰地区,阿拉尔市,3508
3518,659003,4,新疆维吾尔自治区,阿勒泰地区,图木舒克市,3508
3519,659004,4,新疆维吾尔自治区,阿勒泰地区,五家渠市,3508
3520,659005,4,新疆维吾尔自治区,阿勒泰地区,北屯市,3508
3521,659006,4,新疆维吾尔自治区,阿勒泰地区,铁门关市,3508
3522,659007,4,新疆维吾尔自治区,阿勒泰地区,双河市,3508
3523,659008,4,新疆维吾尔自治区,阿勒泰地区,可克达拉市,3508
3524,659009,4,新疆维吾尔自治区,阿勒泰地区,昆玉市,3508
3525,659010,4,新疆维吾尔自治区,阿勒泰地区,胡杨河市,3508
4099,441706,4,广东省,阳江市,高新区,2260
4100,441703,4,广东省,阳江市,海陵区,2260
4157,520117,4,贵州省,贵阳市,双龙航空港经济区,2735
4158,520116,4,贵州省,贵阳市,高新区,2735
4159,520119,4,贵州省,贵阳市,经济开发区,2735
4161,520206,4,贵州省,六盘水市,水城经济开发区,2747
4162,520205,4,贵州省,六盘水市,红果经开区,2747
4163,520204,4,贵州省,六盘水市,高新区,2747
4164,520305,4,贵州省,遵义市,新蒲新区,2752
4165,520405,4,贵州省,安顺市,黄果树风景名胜区,2768
4166,520404,4,贵州省,安顺市,经济技术开发区,2768
4167,520528,4,贵州省,毕节市,金海湖新区,2776
4168,520529,4,贵州省,毕节市,百里杜鹃管理委员会,2776
4171,522329,4,贵州省,黔西南布依族苗族自治州,义龙新区,2798
4172,522602,4,贵州省,黔东南苗族侗族自治州,贵州凯里经济开发区,2807
4173,522733,4,贵州省,黔南布依族苗族自治州,都匀经济开发区,2824
